Tamanho_MB,Repeticao,Operacao,Tempo_ms
100,1,alocacao,153.84366700004648
100,1,escrita,1827.549910000016
100,1,leitura,825.5156159998478
100,1,liberacao,12.637222999956066
100,2,alocacao,138.82321300002332
100,2,escrita,287.32125800001995
100,2,leitura,875.4773599998771
100,2,liberacao,10.225548000107665
100,3,alocacao,123.95617300012418
100,3,escrita,286.50229999993826
100,3,leitura,835.616840000057
100,3,liberacao,12.986401000034675
100,4,alocacao,127.26600900009544
100,4,escrita,271.4105439999912
100,4,leitura,846.1220379999759
100,4,liberacao,13.64600299984886
100,5,alocacao,125.60867499996675
100,5,escrita,293.01806200010105
100,5,leitura,837.3289649998696
100,5,liberacao,13.641454999969937
100,6,alocacao,127.33908500013058
100,6,escrita,304.2340790000253
100,6,leitura,852.6455179999175
100,6,liberacao,13.841143000036027
100,7,alocacao,107.34196099997462
100,7,escrita,317.7107359999809
100,7,leitura,842.6999719999912
100,7,liberacao,10.838943999942785
100,8,alocacao,133.8507479999862
100,8,escrita,295.6571409999924
100,8,leitura,731.748750999941
100,8,liberacao,12.424345999988873
100,9,alocacao,130.82371600012266
100,9,escrita,335.9020049999799
100,9,leitura,850.304898000104
100,9,liberacao,12.969303000090804
100,10,alocacao,123.61767000015789
100,10,escrita,298.894238999992
100,10,leitura,841.8186720000449
100,10,liberacao,13.328541999953814
100,11,alocacao,130.73687900009645
100,11,escrita,286.20469499992396
100,11,leitura,851.0361250000642
100,11,liberacao,14.36814399994546
100,12,alocacao,122.82959300000584
100,12,escrita,307.53048300016417
100,12,leitura,854.2567790000248
100,12,liberacao,12.231950999876062
100,13,alocacao,110.89221099996394
100,13,escrita,303.03225600005135
100,13,leitura,855.9713770000599
100,13,liberacao,12.160063000010268
100,14,alocacao,125.69394699994518
100,14,escrita,289.1543589998946
100,14,leitura,876.5221659998588
100,14,liberacao,11.803683999914938
100,15,alocacao,74.69488200013075
100,15,escrita,268.69769599989013
100,15,leitura,846.764260999862
100,15,liberacao,11.677895999810062
100,16,alocacao,114.85554299997602
100,16,escrita,301.46960000001854
100,16,leitura,839.1996699999709
100,16,liberacao,9.986356999888812
100,17,alocacao,106.31923400001142
100,17,escrita,299.6974269999555
100,17,leitura,850.2212539999618
100,17,liberacao,12.340327999936562
100,18,alocacao,135.83933599988995
100,18,escrita,287.8319039998587
100,18,leitura,844.4691350000539
100,18,liberacao,11.902226000074734
100,19,alocacao,132.77948800009653
100,19,escrita,291.2180629998602
100,19,leitura,861.7087879999872
100,19,liberacao,13.706557000205066
100,20,alocacao,126.92634400013958
100,20,escrita,294.72096600011355
100,20,leitura,863.6608240001351
100,20,liberacao,15.34698299997217
100,21,alocacao,122.98865100001422
100,21,escrita,310.1604209998641
100,21,leitura,837.4768330002098
100,21,liberacao,11.22566399999414
100,22,alocacao,120.86214300006759
100,22,escrita,310.1841179998246
100,22,leitura,888.0712200000289
100,22,liberacao,15.138036000053035
100,23,alocacao,120.7720249999511
100,23,escrita,294.50315899998714
100,23,leitura,649.6847500000058
100,23,liberacao,12.444650000134061
100,24,alocacao,140.18570600001112
100,24,escrita,277.50563799986594
100,24,leitura,867.384943999923
100,24,liberacao,12.211360999799581
100,25,alocacao,119.86810000007608
100,25,escrita,299.43748799996683
100,25,leitura,707.7710519999982
100,25,liberacao,13.810171000159244
100,26,alocacao,122.52116900003784
100,26,escrita,251.1468220000097
100,26,leitura,841.252028000099
100,26,liberacao,12.76252000002387
100,27,alocacao,122.6204519998646
100,27,escrita,283.9778049999495
100,27,leitura,845.4243489998134
100,27,liberacao,12.3944350000329
100,28,alocacao,119.88910699983535
100,28,escrita,285.5266849999225
100,28,leitura,850.6138850000298
100,28,liberacao,12.708406999990984
100,29,alocacao,110.70191799990425
100,29,escrita,446.35226500008685
100,29,leitura,839.8149180000019
100,29,liberacao,13.167586000008669
100,30,alocacao,127.23244800008615
100,30,escrita,290.62774899989563
100,30,leitura,859.3939810000393
100,30,liberacao,12.769147000199155
100,31,alocacao,133.56784200004768
100,31,escrita,308.8447080001515
100,31,leitura,868.4309400000529
100,31,liberacao,10.794005999969158
100,32,alocacao,108.17934700003207
100,32,escrita,317.87192000001596
100,32,leitura,854.3211070000325
100,32,liberacao,10.871176999899035
100,33,alocacao,135.9732759999588
100,33,escrita,153.90060400000038
100,33,leitura,893.0000580000979
100,33,liberacao,12.037013000053776
100,34,alocacao,135.21374800006924
100,34,escrita,302.6593409999805
100,34,leitura,907.2482870001295
100,34,liberacao,12.986882999939553
100,35,alocacao,137.79488299996956
100,35,escrita,535.4293419998157
100,35,leitura,886.5179110000554
100,35,liberacao,12.880481000138388
100,36,alocacao,124.01701799990406
100,36,escrita,207.91236800005208
100,36,leitura,928.2002019999709
100,36,liberacao,13.656626000056349
100,37,alocacao,138.35535899988827
100,37,escrita,330.6365819998973
100,37,leitura,911.815813999965
100,37,liberacao,11.39693699997224
100,38,alocacao,129.15363699994487
100,38,escrita,375.74399600021025
100,38,leitura,874.1155600000639
100,38,liberacao,11.216772999887326
100,39,alocacao,79.65044699994905
100,39,escrita,112.68499100015106
100,39,leitura,843.0159369997909
100,39,liberacao,14.378023000062967
100,40,alocacao,120.72419899982378
100,40,escrita,261.3687900000059
100,40,leitura,707.8680680001526
100,40,liberacao,4.479557999957251
100,41,alocacao,46.75860899988038
100,41,escrita,300.9637830000429
100,41,leitura,832.1961670001201
100,41,liberacao,13.232140999889452
100,42,alocacao,124.23895099982474
100,42,escrita,284.26812999987305
100,42,leitura,843.9161639998929
100,42,liberacao,13.720100000000457
100,43,alocacao,131.09106900014922
100,43,escrita,281.9020509998609
100,43,leitura,846.0683809998955
100,43,liberacao,11.246568999922602
100,44,alocacao,135.59015800001362
100,44,escrita,190.91755400017973
100,44,leitura,866.9072389998291
100,44,liberacao,13.729435999948691
100,45,alocacao,125.03578499990908
100,45,escrita,255.7889330000762
100,45,leitura,955.8923250001499
100,45,liberacao,13.567161999844757
100,46,alocacao,111.52423499993347
100,46,escrita,306.2686409998605
100,46,leitura,855.7967629999439
100,46,liberacao,11.660527999993064
100,47,alocacao,113.25755600000775
100,47,escrita,297.71113700007845
100,47,leitura,784.0643340000497
100,47,liberacao,12.312407999843344
100,48,alocacao,132.30541300004006
100,48,escrita,281.5382310000132
100,48,leitura,856.5678960001151
100,48,liberacao,16.122252000059234
100,49,alocacao,132.2684899998876
100,49,escrita,296.6917270000522
100,49,leitura,850.8047519999309
100,49,liberacao,12.468406000152754
100,50,alocacao,107.13932499993462
100,50,escrita,310.73131500011186
100,50,leitura,849.7329850001734
100,50,liberacao,13.755110000147397
100,51,alocacao,108.13646599990534
100,51,escrita,334.52342800001134
100,51,leitura,867.9031879999002
100,51,liberacao,13.125543999876754
100,52,alocacao,130.28719299995828
100,52,escrita,302.455522000173
100,52,leitura,882.2611610000877
100,52,liberacao,16.586308999876564
100,53,alocacao,126.55074200006311
100,53,escrita,290.55085200002395
100,53,leitura,886.2281149999944
100,53,liberacao,12.853533999987121
100,54,alocacao,118.13559300003362
100,54,escrita,308.9643390001129
100,54,leitura,829.3785949999801
100,54,liberacao,11.085855000146694
100,55,alocacao,125.65535199996702
100,55,escrita,314.0223259999857
100,55,leitura,871.4515060000849
100,55,liberacao,12.989688000061506
100,56,alocacao,134.47362600004453
100,56,escrita,323.5914419999517
100,56,leitura,867.4856269999509
100,56,liberacao,12.028675999999905
100,57,alocacao,111.45314100008363
100,57,escrita,305.9670659999938
100,57,leitura,856.777989999955
100,57,liberacao,14.029990999915753
100,58,alocacao,105.47629799998504
100,58,escrita,309.0530000001763
100,58,leitura,785.7069960000445
100,58,liberacao,10.974060000080499
100,59,alocacao,115.38796900003945
100,59,escrita,307.2968689998561
100,59,leitura,1010.7000519999474
100,59,liberacao,14.346238999905836
100,60,alocacao,125.93346000016936
100,60,escrita,284.61002499989263
100,60,leitura,672.4032679999254
100,60,liberacao,11.395305000178269
100,61,alocacao,130.80105500011996
100,61,escrita,294.0762780001478
100,61,leitura,897.8929400000197
100,61,liberacao,15.851873999963573
100,62,alocacao,132.58715299980395
100,62,escrita,290.56905399988864
100,62,leitura,924.2324639999424
100,62,liberacao,10.085963999927117
100,63,alocacao,115.81839399991622
100,63,escrita,315.6789919999028
100,63,leitura,851.8001120000918
100,63,liberacao,10.554231000014624
100,64,alocacao,137.01627700015706
100,64,escrita,278.97943200014197
100,64,leitura,856.6236230001323
100,64,liberacao,14.6241289999125
100,65,alocacao,127.65123300005143
100,65,escrita,297.2333309999158
100,65,leitura,853.0074610000611
100,65,liberacao,13.93740000003163
100,66,alocacao,109.97669300013513
100,66,escrita,311.3129309999749
100,66,leitura,853.6275230001138
100,66,liberacao,10.796533000075215
100,67,alocacao,110.39051800003108
100,67,escrita,304.9736739999389
100,67,leitura,859.8049199999878
100,67,liberacao,12.354877000007036
100,68,alocacao,128.2952380001916
100,68,escrita,295.99408900003255
100,68,leitura,835.8358020000196
100,68,liberacao,14.714956999796414
100,69,alocacao,136.10251499994774
100,69,escrita,281.9871350000085
100,69,leitura,864.4172399999661
100,69,liberacao,14.11154900006295
100,70,alocacao,136.44590500007325
100,70,escrita,309.33924200007823
100,70,leitura,868.3460349998313
100,70,liberacao,12.9297809999116
100,71,alocacao,119.27939499992135
100,71,escrita,297.72442299986324
100,71,leitura,888.0266080000183
100,71,liberacao,12.587936000045374
100,72,alocacao,110.4948570000488
100,72,escrita,289.9913240000842
100,72,leitura,849.6863340001255
100,72,liberacao,10.663922000048842
100,73,alocacao,129.87772299993594
100,73,escrita,286.8815879999147
100,73,leitura,839.5884999999907
100,73,liberacao,13.635714999963966
100,74,alocacao,135.0731980001001
100,74,escrita,292.98856699983844
100,74,leitura,857.0888239999022
100,74,liberacao,13.674073999936809
100,75,alocacao,120.75269799993293
100,75,escrita,310.07769600000756
100,75,leitura,853.1684419999692
100,75,liberacao,10.259795999900234
100,76,alocacao,135.0628229999984
100,76,escrita,276.5484430001379
100,76,leitura,867.6440120000279
100,76,liberacao,14.516354999841496
100,77,alocacao,124.05648499998279
100,77,escrita,304.68623199999456
100,77,leitura,830.9108850000939
100,77,liberacao,12.555398999893441
100,78,alocacao,114.25635000000511
100,78,escrita,303.3294440001555
100,78,leitura,857.3659639998823
100,78,liberacao,7.3474620000979485
100,79,alocacao,97.91265900003054
100,79,escrita,299.1983030001393
100,79,leitura,882.7485499998602
100,79,liberacao,15.01621400007025
100,80,alocacao,136.51464000008673
100,80,escrita,292.5516279999556
100,80,leitura,849.222755000028
100,80,liberacao,14.993057000083354
100,81,alocacao,133.36749100017187
100,81,escrita,290.5749130000004
100,81,leitura,758.277279999902
100,81,liberacao,14.506220999919606
100,82,alocacao,133.93375000009655
100,82,escrita,288.2674479999423
100,82,leitura,835.1595999999972
100,82,liberacao,13.528816000189181
100,83,alocacao,111.04396799987626
100,83,escrita,320.3960549999465
100,83,leitura,887.1808639999017
100,83,liberacao,12.192256999924211
100,84,alocacao,112.63948400005575
100,84,escrita,301.31541100013237
100,84,leitura,827.9943689999527
100,84,liberacao,12.187584000002971
100,85,alocacao,133.97478599995338
100,85,escrita,295.4537830000845
100,85,leitura,853.7669269999242
100,85,liberacao,16.16961300010189
100,86,alocacao,129.92223300011574
100,86,escrita,288.8796509998883
100,86,leitura,604.188547999911
100,86,liberacao,13.46704600018711
100,87,alocacao,121.28471000005447
100,87,escrita,298.9194449999104
100,87,leitura,859.6185740000237
100,87,liberacao,12.687270000014905
100,88,alocacao,123.12930200005212
100,88,escrita,319.74024500004816
100,88,leitura,818.8149170000543
100,88,liberacao,11.370501000101285
100,89,alocacao,137.2912190001898
100,89,escrita,283.6897689999205
100,89,leitura,998.9724439999463
100,89,liberacao,13.146918999836998
100,90,alocacao,97.43697099997917
100,90,escrita,295.0659599998744
100,90,leitura,852.6232149999942
100,90,liberacao,11.871532999975898
100,91,alocacao,105.88212200013913
100,91,escrita,311.1552440000196
100,91,leitura,807.6783809999597
100,91,liberacao,13.269648999994388
100,92,alocacao,128.49391800000376
100,92,escrita,296.8425589999697
100,92,leitura,847.823789999893
100,92,liberacao,16.416733999903954
100,93,alocacao,123.55492100004994
100,93,escrita,308.0270179998479
100,93,leitura,843.7521640000796
100,93,liberacao,11.215484999866021
100,94,alocacao,101.86748099999932
100,94,escrita,309.79131599997345
100,94,leitura,836.6014179998729
100,94,liberacao,11.68614800008072
100,95,alocacao,143.03342199991675
100,95,escrita,321.87256200018055
100,95,leitura,841.9822519999798
100,95,liberacao,13.7630540000373
100,96,alocacao,120.28759100007846
100,96,escrita,305.6051179999031
100,96,leitura,865.7872160001716
100,96,liberacao,12.01694199994563
100,97,alocacao,127.5299509998149
100,97,escrita,280.7324109999172
100,97,leitura,864.4099230000393
100,97,liberacao,15.35019200014176
100,98,alocacao,110.558274999903
100,98,escrita,299.3896800001039
100,98,leitura,786.0780379999142
100,98,liberacao,13.165888999992603
100,99,alocacao,116.51890899997852
100,99,escrita,309.64727800005676
100,99,leitura,864.271133000102
100,99,liberacao,10.992061000024478
100,100,alocacao,136.07560600007673
100,100,escrita,297.6711629999045
100,100,leitura,861.6599350000342
100,100,liberacao,13.312237000036475
200,1,alocacao,228.1984950000151
200,1,escrita,2083.1418129998838
200,1,leitura,1747.3342149999098
200,1,liberacao,24.06033099987326
200,2,alocacao,244.78846900001372
200,2,escrita,616.5094929999668
200,2,leitura,1512.3360250001951
200,2,liberacao,20.533135999812657
200,3,alocacao,276.70108999996046
200,3,escrita,576.8865729999106
200,3,leitura,1679.3638669998927
200,3,liberacao,18.974472999843783
200,4,alocacao,247.3490209999909
200,4,escrita,585.441370000126
200,4,leitura,1700.842527000077
200,4,liberacao,26.309700999945562
200,5,alocacao,239.8063059999913
200,5,escrita,590.4641490001268
200,5,leitura,1674.4064030001482
200,5,liberacao,19.35943400008
200,6,alocacao,254.09354999987954
200,6,escrita,582.2857600001043
200,6,leitura,1725.647982000055
200,6,liberacao,24.571104999949966
200,7,alocacao,222.14629700010846
200,7,escrita,613.7373179999486
200,7,leitura,1691.3959470000464
200,7,liberacao,19.595584000171584
200,8,alocacao,255.4129559998728
200,8,escrita,523.6689549999483
200,8,leitura,1681.0247040000377
200,8,liberacao,22.47390100001212
200,9,alocacao,239.91253200006213
200,9,escrita,543.0157570001484
200,9,leitura,1762.5137449999784
200,9,liberacao,71.20702799988976
200,10,alocacao,299.70178500002476
200,10,escrita,592.0265830000062
200,10,leitura,1626.3258250000945
200,10,liberacao,24.926418999939415
200,11,alocacao,228.41367599994555
200,11,escrita,611.5614509999432
200,11,leitura,1685.3479930000503
200,11,liberacao,22.77602599997408
200,12,alocacao,241.11191899987716
200,12,escrita,618.9952780000567
200,12,leitura,1700.245053000117
200,12,liberacao,18.699991999937993
200,13,alocacao,247.86149200008367
200,13,escrita,611.145107999846
200,13,leitura,1689.5708639999611
200,13,liberacao,26.945233000105873
200,14,alocacao,232.70674600007624
200,14,escrita,619.5221349998974
200,14,leitura,1684.6598520000953
200,14,liberacao,21.448958000064522
200,15,alocacao,249.96840400012843
200,15,escrita,575.9847229999195
200,15,leitura,1706.8328459999975
200,15,liberacao,23.63469800002349
200,16,alocacao,267.61655000018436
200,16,escrita,581.3509539998449
200,16,leitura,1825.3379480001968
200,16,liberacao,20.954839999831165
200,17,alocacao,233.0781770001522
200,17,escrita,658.6156289999963
200,17,leitura,1711.1184939999475
200,17,liberacao,13.255349000019123
200,18,alocacao,134.14029199998367
200,18,escrita,621.8512860000374
200,18,leitura,1723.3071369998925
200,18,liberacao,19.79179400018438
200,19,alocacao,250.6826369999544
200,19,escrita,610.9554509998816
200,19,leitura,1765.584249000085
200,19,liberacao,24.553384999990158
200,20,alocacao,223.22193099989818
200,20,escrita,626.5072459998464
200,20,leitura,1726.0123739999926
200,20,liberacao,25.18223700008093
200,21,alocacao,240.19705000000613
200,21,escrita,588.0248080000001
200,21,leitura,1728.8784350000697
200,21,liberacao,23.18448799996986
200,22,alocacao,216.21084799994605
200,22,escrita,634.0120299998944
200,22,leitura,1728.8840999999593
200,22,liberacao,19.726509999827613
200,23,alocacao,257.0000659998186
200,23,escrita,594.6498399998745
200,23,leitura,1746.184373999995
200,23,liberacao,20.096546000104354
200,24,alocacao,237.37894999999298
200,24,escrita,644.774845000029
200,24,leitura,1875.1090140001452
200,24,liberacao,23.583588000064992
200,25,alocacao,221.00077499999315
200,25,escrita,627.7077750000899
200,25,leitura,1731.316975000027
200,25,liberacao,25.674167000033776
200,26,alocacao,260.6723379999494
200,26,escrita,575.765199999978
200,26,leitura,1732.9382640000404
200,26,liberacao,23.245236000093428
200,27,alocacao,233.99128799997015
200,27,escrita,630.759334000004
200,27,leitura,1739.9174659999517
200,27,liberacao,29.113428999835378
200,28,alocacao,244.2877700000281
200,28,escrita,613.1525280000005
200,28,leitura,1685.0118820000262
200,28,liberacao,22.36385599985624
200,29,alocacao,201.60464000014144
200,29,escrita,625.3099600000951
200,29,leitura,1718.2149239999944
200,29,liberacao,21.541941000123188
200,30,alocacao,256.14828600009787
200,30,escrita,614.8369240002012
200,30,leitura,1677.856408000025
200,30,liberacao,27.269481999837808
200,31,alocacao,219.194312999889
200,31,escrita,605.6844070001262
200,31,leitura,1711.3352979999945
200,31,liberacao,21.300891999999294
200,32,alocacao,251.25997500003905
200,32,escrita,591.7250109998804
200,32,leitura,1721.301068999992
200,32,liberacao,23.39768299998468
200,33,alocacao,234.6422379998785
200,33,escrita,608.5408199999165
200,33,leitura,1701.2188920000426
200,33,liberacao,22.494701999903555
200,34,alocacao,262.41962700009935
200,34,escrita,606.2504770000032
200,34,leitura,1714.9641380001412
200,34,liberacao,23.795941000116727
200,35,alocacao,217.84723199994005
200,35,escrita,610.8952480001335
200,35,leitura,1699.6512440000515
200,35,liberacao,22.788636000086626
200,36,alocacao,257.874036999965
200,36,escrita,602.1461230000114
200,36,leitura,1685.840277999887
200,36,liberacao,23.61276600004203
200,37,alocacao,240.43447600001855
200,37,escrita,626.9113630000902
200,37,leitura,1719.731751000154
200,37,liberacao,20.70712599993385
200,38,alocacao,249.0144410000994
200,38,escrita,581.0302269999283
200,38,leitura,1754.9560509999083
200,38,liberacao,24.624413000083223
200,39,alocacao,225.21093700015626
200,39,escrita,627.9749570001059
200,39,leitura,1852.60201899996
200,39,liberacao,23.92805999988923
200,40,alocacao,231.36511400002746
200,40,escrita,602.8300620000664
200,40,leitura,1705.530675000091
200,40,liberacao,21.992658000044685
200,41,alocacao,236.27886100007345
200,41,escrita,616.3812239999515
200,41,leitura,1637.1516340000198
200,41,liberacao,18.78785799999605
200,42,alocacao,244.9834839999312
200,42,escrita,545.9617470000921
200,42,leitura,1697.9517830000077
200,42,liberacao,25.500841000166474
200,43,alocacao,233.46558399998685
200,43,escrita,598.9093989999219
200,43,leitura,1692.8842720001285
200,43,liberacao,21.78036100008285
200,44,alocacao,253.44660899986593
200,44,escrita,577.8683959999853
200,44,leitura,1852.7565490001052
200,44,liberacao,20.273512999892773
200,45,alocacao,244.22562499989908
200,45,escrita,592.5965609999366
200,45,leitura,1772.1823229999245
200,45,liberacao,22.277820999988762
200,46,alocacao,251.02818799996385
200,46,escrita,579.5012669998414
200,46,leitura,1818.1101970001237
200,46,liberacao,32.12231700013035
200,47,alocacao,271.67785799997546
200,47,escrita,612.868866999861
200,47,leitura,1755.8190940001168
200,47,liberacao,23.418948999960776
200,48,alocacao,227.4443070000416
200,48,escrita,590.7126689999131
200,48,leitura,1554.5968730000368
200,48,liberacao,24.11374899998009
200,49,alocacao,222.8501409999808
200,49,escrita,607.2996799998691
200,49,leitura,1714.9417279999852
200,49,liberacao,25.291665999930046
200,50,alocacao,240.63207199992576
200,50,escrita,586.4726159998099
200,50,leitura,1748.8668690000395
200,50,liberacao,21.346268999877793
200,51,alocacao,297.54791100003786
200,51,escrita,735.4161789999125
200,51,leitura,1706.1289149999084
200,51,liberacao,19.72002699994846
200,52,alocacao,241.29847999984122
200,52,escrita,593.4003019999636
200,52,leitura,1672.3666520001643
200,52,liberacao,29.24561400004677
200,53,alocacao,245.53671900002882
200,53,escrita,602.3438319998604
200,53,leitura,1724.191565999945
200,53,liberacao,22.29126199995335
200,54,alocacao,228.69376400012698
200,54,escrita,586.795838999933
200,54,leitura,1836.0863650000283
200,54,liberacao,19.757745999868348
200,55,alocacao,247.9878250001093
200,55,escrita,651.213934999987
200,55,leitura,1807.0605220000289
200,55,liberacao,26.08207699995546
200,56,alocacao,248.00229600009516
200,56,escrita,603.8989119999769
200,56,leitura,1664.5086809999157
200,56,liberacao,21.08153799986212
200,57,alocacao,270.16666700001224
200,57,escrita,631.5634089999094
200,57,leitura,1731.2830509999912
200,57,liberacao,24.26538999998229
200,58,alocacao,240.3362349998588
200,58,escrita,597.8421800000433
200,58,leitura,1573.3097499999076
200,58,liberacao,24.257211999838546
200,59,alocacao,229.41602800005967
200,59,escrita,598.20010500016
200,59,leitura,1773.8901350001015
200,59,liberacao,24.00797399991461
200,60,alocacao,293.1546940001226
200,60,escrita,610.8230270001513
200,60,leitura,1684.0990480000073
200,60,liberacao,21.78787299999385
200,61,alocacao,234.594584999968
200,61,escrita,613.8650570001118
200,61,leitura,1750.0066049999532
200,61,liberacao,19.146477000049344
200,62,alocacao,265.41434499995376
200,62,escrita,622.6572399998531
200,62,leitura,1778.2561080000505
200,62,liberacao,24.13279799998236
200,63,alocacao,260.5854000000818
200,63,escrita,621.7333490001238
200,63,leitura,1726.8144409999877
200,63,liberacao,30.02487700018719
200,64,alocacao,239.92877199998475
200,64,escrita,594.8282429999381
200,64,leitura,1706.8454900002052
200,64,liberacao,25.401009000006525
200,65,alocacao,252.8977010001654
200,65,escrita,591.5534799999023
200,65,leitura,1574.9529379997966
200,65,liberacao,23.894064999922193
200,66,alocacao,244.1363469999942
200,66,escrita,628.2708480000565
200,66,leitura,1758.0058799999279
200,66,liberacao,23.726475999865215
200,67,alocacao,259.0685659999963
200,67,escrita,596.9936869998946
200,67,leitura,1738.943423999899
200,67,liberacao,23.22695499992733
200,68,alocacao,230.85525500005133
200,68,escrita,649.8900700000831
200,68,leitura,1746.904197999811
200,68,liberacao,23.37156899989168
200,69,alocacao,258.6669989998427
200,69,escrita,592.7444570002081
200,69,leitura,1872.5141800000529
200,69,liberacao,21.150672999965536
200,70,alocacao,255.96961799988094
200,70,escrita,600.44430500011
200,70,leitura,1773.4401800000796
200,70,liberacao,22.1531889999369
200,71,alocacao,215.10600300007354
200,71,escrita,629.0852800000266
200,71,leitura,1703.090525999869
200,71,liberacao,28.368021999995108
200,72,alocacao,268.15236600009484
200,72,escrita,565.6204740000703
200,72,leitura,1777.7760800001943
200,72,liberacao,21.55067099988628
200,73,alocacao,264.4518289998814
200,73,escrita,608.4660270000768
200,73,leitura,1772.1353480001198
200,73,liberacao,24.790001999917877
200,74,alocacao,144.84154199999466
200,74,escrita,604.6591249998983
200,74,leitura,1709.1368279998278
200,74,liberacao,21.704457999931037
200,75,alocacao,233.5848459999852
200,75,escrita,612.8715370000464
200,75,leitura,1713.81538799983
200,75,liberacao,24.18691899993064
200,76,alocacao,240.72595100005856
200,76,escrita,598.4179899999162
200,76,leitura,1700.892210999882
200,76,liberacao,25.229297999885603
200,77,alocacao,229.0416109999569
200,77,escrita,609.7062989999813
200,77,leitura,1710.7019339998715
200,77,liberacao,20.436668999991525
200,78,alocacao,254.51518199997736
200,78,escrita,596.2968739997905
200,78,leitura,1721.3295369999742
200,78,liberacao,21.498890999964715
200,79,alocacao,230.53180600004453
200,79,escrita,601.9502540000303
200,79,leitura,1677.5510939999094
200,79,liberacao,20.88901000001897
200,80,alocacao,254.16212000004634
200,80,escrita,582.3691690000032
200,80,leitura,1700.4857310000716
200,80,liberacao,25.79066899988902
200,81,alocacao,204.99888800009103
200,81,escrita,597.1648209999785
200,81,leitura,1693.4411739998723
200,81,liberacao,20.673799999940456
200,82,alocacao,234.6719709998979
200,82,escrita,603.8725489997887
200,82,leitura,1701.3096990001486
200,82,liberacao,23.077331999957096
200,83,alocacao,248.20694499999263
200,83,escrita,614.2167130001326
200,83,leitura,1590.2534050001123
200,83,liberacao,24.951569999984713
200,84,alocacao,232.38581800001157
200,84,escrita,601.6954909998731
200,84,leitura,1827.5789289998556
200,84,liberacao,22.55555400006415
200,85,alocacao,260.83828699984224
200,85,escrita,586.4271870000266
200,85,leitura,1721.1336579998715
200,85,liberacao,21.450237000181005
200,86,alocacao,242.12057099998674
200,86,escrita,610.1443929999277
200,86,leitura,1676.7888100000619
200,86,liberacao,21.903011999938826
200,87,alocacao,253.03254200002812
200,87,escrita,597.7638680001292
200,87,leitura,1592.072084999927
200,87,liberacao,22.911182000143526
200,88,alocacao,243.02768699999433
200,88,escrita,585.0981889998366
200,88,leitura,1694.4005820000712
200,88,liberacao,20.668485000214787
200,89,alocacao,233.48085999987234
200,89,escrita,591.3075280000157
200,89,leitura,1721.239401000048
200,89,liberacao,18.33836000014344
200,90,alocacao,255.67952500000501
200,90,escrita,578.1942589999289
200,90,leitura,1735.331436000024
200,90,liberacao,16.27857799985577
200,91,alocacao,234.34200700012298
200,91,escrita,615.9913040000902
200,91,leitura,1574.6582100000523
200,91,liberacao,16.323129000056724
200,92,alocacao,193.48606499988819
200,92,escrita,511.20931900004507
200,92,leitura,1560.4220600000644
200,92,liberacao,17.381039999918357
200,93,alocacao,224.17469400011214
200,93,escrita,640.9247849999247
200,93,leitura,1828.7740870000562
200,93,liberacao,21.3460899999518
200,94,alocacao,229.97271699978228
200,94,escrita,631.5565849999984
200,94,leitura,1689.8843629999192
200,94,liberacao,19.48812699993141
200,95,alocacao,234.12713299990173
200,95,escrita,530.7539559998986
200,95,leitura,1840.2661190000345
200,95,liberacao,21.411318999980722
200,96,alocacao,251.77118400006293
200,96,escrita,584.7484179998901
200,96,leitura,1729.9917969999115
200,96,liberacao,25.85020399988025
200,97,alocacao,242.09039599986681
200,97,escrita,670.7998499998666
200,97,leitura,1759.2999329999657
200,97,liberacao,20.168372999933126
200,98,alocacao,246.61831500020526
200,98,escrita,554.9650079999537
200,98,leitura,1562.388958999918
200,98,liberacao,21.214224000004833
200,99,alocacao,252.57497300003706
200,99,escrita,606.8955929999902
200,99,leitura,1678.8349599999037
200,99,liberacao,27.552809000098932
200,100,alocacao,398.64071200008766
200,100,escrita,652.6301729998067
200,100,leitura,1747.8876589998436
200,100,liberacao,25.4449740000382
300,1,alocacao,369.5604759998332
300,1,escrita,3718.3811879999666
300,1,leitura,2538.443976000053
300,1,liberacao,29.947923000008814
300,2,alocacao,381.9805329999326
300,2,escrita,840.0947840000299
300,2,leitura,2574.329046999992
300,2,liberacao,37.190136999925016
300,3,alocacao,364.1109789998609
300,3,escrita,838.2089360000009
300,3,leitura,2566.8925790000685
300,3,liberacao,35.74332800008051
300,4,alocacao,372.4290510001538
300,4,escrita,900.6170400000428
300,4,leitura,1372.6910770001268
300,4,liberacao,15.385795999918628
300,5,alocacao,179.62903000011465
300,5,escrita,440.3044289999798
300,5,leitura,1319.836210000176
300,5,liberacao,18.07829899985336
300,6,alocacao,311.9445370000449
300,6,escrita,971.1152969998693
300,6,leitura,2556.1059490000844
300,6,liberacao,38.26208999998926
300,7,alocacao,395.2346989999569
300,7,escrita,928.030526999919
300,7,leitura,2796.4139959999557
300,7,liberacao,34.71414199998435
300,8,alocacao,343.6476639999455
300,8,escrita,857.2562670001389
300,8,leitura,2580.4481000000123
300,8,liberacao,37.80931400001464
300,9,alocacao,396.5389130000858
300,9,escrita,902.0503849999386
300,9,leitura,2500.194117999854
300,9,liberacao,35.8403669999916
300,10,alocacao,357.3825129999477
300,10,escrita,894.0324200000305
300,10,leitura,2732.7476139998907
300,10,liberacao,35.84062499999163
300,11,alocacao,375.2440110001771
300,11,escrita,906.4717629998995
300,11,leitura,2585.3532839998934
300,11,liberacao,38.83047899989833
300,12,alocacao,403.9898200001062
300,12,escrita,889.4481840000026
300,12,leitura,2547.3841499999708
300,12,liberacao,35.04230099997585
300,13,alocacao,345.4004380000697
300,13,escrita,911.3694520001445
300,13,leitura,2545.92057800005
300,13,liberacao,29.543759000034697
300,14,alocacao,389.2884659999254
300,14,escrita,857.306484999981
300,14,leitura,2560.6272039999567
300,14,liberacao,51.46363599988035
300,15,alocacao,365.00641899988295
300,15,escrita,892.4375349999991
300,15,leitura,2666.397540000162
300,15,liberacao,18.461411000089356
300,16,alocacao,167.04889100014952
300,16,escrita,905.7621639999525
300,16,leitura,2538.2515129999774
300,16,liberacao,30.72608599995874
300,17,alocacao,354.28105799996956
300,17,escrita,887.9603629998201
300,17,leitura,2517.818238000018
300,17,liberacao,35.871477000000596
300,18,alocacao,345.75218899999527
300,18,escrita,897.6402739999685
300,18,leitura,2545.7204520000687
300,18,liberacao,32.270535999941785
300,19,alocacao,359.82778199991117
300,19,escrita,900.551016999998
300,19,leitura,2584.350645999848
300,19,liberacao,28.7426569998388
300,20,alocacao,353.15553300006286
300,20,escrita,890.6779359999746
300,20,leitura,2592.3024159999386
300,20,liberacao,32.50114900015433
300,21,alocacao,351.9995100000415
300,21,escrita,826.8235220000406
300,21,leitura,2585.49307699991
300,21,liberacao,43.94410199984122
300,22,alocacao,363.02449799995884
300,22,escrita,904.3319300001258
300,22,leitura,2553.6447100000714
300,22,liberacao,28.126520000114397
300,23,alocacao,375.13750400012214
300,23,escrita,888.1909689998793
300,23,leitura,2539.9609480000436
300,23,liberacao,34.42296399998668
300,24,alocacao,340.73573199998464
300,24,escrita,899.4766060000075
300,24,leitura,2558.6937969999326
300,24,liberacao,33.170027999858576
300,25,alocacao,364.7801370000252
300,25,escrita,903.04484100011
300,25,leitura,2567.8009069999916
300,25,liberacao,28.757556000073237
300,26,alocacao,354.9507499999436
300,26,escrita,934.0104609998434
300,26,leitura,2555.714584000043
300,26,liberacao,33.18093999996563
300,27,alocacao,351.27866800007723
300,27,escrita,903.6544769999182
300,27,leitura,2596.7991249999614
300,27,liberacao,34.48433100015791
300,28,alocacao,342.41212899996754
300,28,escrita,905.8561659999214
300,28,leitura,2554.4311250000646
300,28,liberacao,29.416120999940176
300,29,alocacao,362.91963400003624
300,29,escrita,908.1817520000186
300,29,leitura,2579.509813999948
300,29,liberacao,29.662560999895504
300,30,alocacao,370.55966800016904
300,30,escrita,850.7972100001098
300,30,leitura,2667.916847000015
300,30,liberacao,29.40256700003374
300,31,alocacao,360.0665599999502
300,31,escrita,883.450651999965
300,31,leitura,2549.343818999887
300,31,liberacao,34.90967800007638
300,32,alocacao,339.8103629999696
300,32,escrita,902.566194000201
300,32,leitura,2524.0102860000206
300,32,liberacao,33.20320900002116
300,33,alocacao,352.97998600003666
300,33,escrita,813.3181299999706
300,33,leitura,2513.0488929999046
300,33,liberacao,33.75438899979599
300,34,alocacao,349.0198520000831
300,34,escrita,901.173652000125
300,34,leitura,2541.7302020000534
300,34,liberacao,35.01150600004621
300,35,alocacao,361.2524250002025
300,35,escrita,832.2597000001224
300,35,leitura,2337.194656999827
300,35,liberacao,29.243319999977757
300,36,alocacao,367.14680399995814
300,36,escrita,904.1304009999749
300,36,leitura,2534.437304999983
300,36,liberacao,36.77537399994435
300,37,alocacao,357.4986619998981
300,37,escrita,905.1458280000588
300,37,leitura,2530.483968999988
300,37,liberacao,28.600521000043955
300,38,alocacao,359.99623499992595
300,38,escrita,901.0210910000751
300,38,leitura,2320.568491999893
300,38,liberacao,30.5021700000907
300,39,alocacao,342.78045099995325
300,39,escrita,921.6226369999276
300,39,leitura,2546.6207609999856
300,39,liberacao,30.412361000117016
300,40,alocacao,371.1571930000446
300,40,escrita,886.5854040000158
300,40,leitura,2536.6399369997907
300,40,liberacao,38.296405999972194
300,41,alocacao,369.71929500009537
300,41,escrita,907.794327999909
300,41,leitura,2605.122172999927
300,41,liberacao,32.42467699988083
300,42,alocacao,363.0130160001954
300,42,escrita,913.3233019999807
300,42,leitura,2584.720558000072
300,42,liberacao,39.56148400015991
300,43,alocacao,362.3557369999162
300,43,escrita,925.2642310000283
300,43,leitura,2684.428922000052
300,43,liberacao,37.92840400001296
300,44,alocacao,394.25686399999904
300,44,escrita,929.8405940000976
300,44,leitura,2468.9617510000517
300,44,liberacao,17.617513999994117
300,45,alocacao,335.0173700000596
300,45,escrita,950.1697929999864
300,45,leitura,2840.1677919998747
300,45,liberacao,35.18476799990822
300,46,alocacao,388.4771540001566
300,46,escrita,994.3355020000126
300,46,leitura,2699.077731999978
300,46,liberacao,30.52822999984528
300,47,alocacao,374.2017920001217
300,47,escrita,917.5767609999639
300,47,leitura,2591.3881170001787
300,47,liberacao,32.71937900012745
300,48,alocacao,385.64076100010425
300,48,escrita,924.6878069998274
300,48,leitura,2455.907604999993
300,48,liberacao,29.699439000069106
300,49,alocacao,362.3460349999732
300,49,escrita,883.789305999926
300,49,leitura,2503.2511869999325
300,49,liberacao,36.937287999990076
300,50,alocacao,362.20219100005124
300,50,escrita,903.3440099999552
300,50,leitura,2525.1685029998043
300,50,liberacao,35.48888599993916
300,51,alocacao,370.1864989998285
300,51,escrita,1026.308550000067
300,51,leitura,2562.958998999875
300,51,liberacao,33.93649000008736
300,52,alocacao,388.1691160001992
300,52,escrita,912.5624470000275
300,52,leitura,2637.088984999991
300,52,liberacao,33.370137000019895
300,53,alocacao,372.0454899998913
300,53,escrita,888.7885490000826
300,53,leitura,2539.5254009999917
300,53,liberacao,30.781161000049906
300,54,alocacao,352.8935570000158
300,54,escrita,890.0703529998282
300,54,leitura,2553.184938999948
300,54,liberacao,35.579542000050424
300,55,alocacao,339.6387750001395
300,55,escrita,894.4993629997953
300,55,leitura,2529.2661460000545
300,55,liberacao,31.032513000127437
300,56,alocacao,359.7622400000091
300,56,escrita,905.124479000051
300,56,leitura,2525.674859999981
300,56,liberacao,30.512912999938635
300,57,alocacao,344.2015549999269
300,57,escrita,895.9344930001407
300,57,leitura,2484.5306439999604
300,57,liberacao,32.818121999980576
300,58,alocacao,358.39878700016925
300,58,escrita,909.5302509999783
300,58,leitura,2464.512936000119
300,58,liberacao,14.393079999990732
300,59,alocacao,308.7465300000076
300,59,escrita,920.6496179999704
300,59,leitura,2432.735096999977
300,59,liberacao,14.561658000047828
300,60,alocacao,329.03854400001364
300,60,escrita,880.7642609999675
300,60,leitura,2579.5867090000684
300,60,liberacao,32.61181400011992
300,61,alocacao,367.1743109998715
300,61,escrita,907.1792039999309
300,61,leitura,2428.37509900005
300,61,liberacao,33.20077100011076
300,62,alocacao,349.1754089998267
300,62,escrita,909.0581330001442
300,62,leitura,2500.220967999894
300,62,liberacao,33.000312000012855
300,63,alocacao,347.24530799985587
300,63,escrita,912.2204059999603
300,63,leitura,2519.693365999956
300,63,liberacao,27.97063499997421
300,64,alocacao,352.30569899999864
300,64,escrita,877.1477180000602
300,64,leitura,2513.7381150000238
300,64,liberacao,28.207037000129276
300,65,alocacao,360.56756500011033
300,65,escrita,892.0413169998938
300,65,leitura,2545.207808000214
300,65,liberacao,35.70107999985339
300,66,alocacao,374.3014710000807
300,66,escrita,906.6329510001196
300,66,leitura,2456.193072999895
300,66,liberacao,33.52394500006994
300,67,alocacao,367.13294399987717
300,67,escrita,898.0864610000481
300,67,leitura,2554.088651000029
300,67,liberacao,28.458325000201512
300,68,alocacao,364.0388860001167
300,68,escrita,842.9301280000345
300,68,leitura,2532.659439999861
300,68,liberacao,32.151136000038605
300,69,alocacao,369.50952300003337
300,69,escrita,826.2455569999929
300,69,leitura,2553.9493299997957
300,69,liberacao,29.241481000099157
300,70,alocacao,358.2694099998207
300,70,escrita,828.9742360000218
300,70,leitura,2557.135034999874
300,70,liberacao,38.347100999999384
300,71,alocacao,355.8637569999519
300,71,escrita,913.3631679999326
300,71,leitura,2727.6420700000017
300,71,liberacao,35.06019499991453
300,72,alocacao,350.07843200014577
300,72,escrita,893.8574839999092
300,72,leitura,2528.2632309999826
300,72,liberacao,38.88413100003163
300,73,alocacao,344.1402440000729
300,73,escrita,892.8960529999586
300,73,leitura,2587.1726639998087
300,73,liberacao,28.172175000008792
300,74,alocacao,365.52894100009325
300,74,escrita,920.7167509998726
300,74,leitura,2494.2150409999613
300,74,liberacao,35.10561799998868
300,75,alocacao,345.1797269999588
300,75,escrita,915.3007859999889
300,75,leitura,2661.882233999904
300,75,liberacao,48.057878000008714
300,76,alocacao,349.4735229999151
300,76,escrita,911.9427580001229
300,76,leitura,2607.189708000078
300,76,liberacao,28.58469700004207
300,77,alocacao,353.0170540000199
300,77,escrita,906.0409619999064
300,77,leitura,2594.870549999996
300,77,liberacao,30.669945999989068
300,78,alocacao,357.0745759998317
300,78,escrita,894.6589610000046
300,78,leitura,2548.397269999896
300,78,liberacao,34.87199599999258
300,79,alocacao,364.5185670000046
300,79,escrita,905.5398230000264
300,79,leitura,2539.535107999882
300,79,liberacao,29.499419000103444
300,80,alocacao,362.3146080001334
300,80,escrita,901.2114219999603
300,80,leitura,2577.375350000011
300,80,liberacao,30.89988900001117
300,81,alocacao,359.50957000000017
300,81,escrita,899.6512990001975
300,81,leitura,2700.9544150000693
300,81,liberacao,27.36062100007075
300,82,alocacao,387.6232729999174
300,82,escrita,916.8607839999368
300,82,leitura,2558.128409000119
300,82,liberacao,31.556749999936073
300,83,alocacao,366.58780799984925
300,83,escrita,921.2048500000947
300,83,leitura,2539.5623250001336
300,83,liberacao,33.49155000000792
300,84,alocacao,345.5993679999665
300,84,escrita,924.7577460000684
300,84,leitura,2491.8775999999525
300,84,liberacao,28.727788999958648
300,85,alocacao,348.72990600001685
300,85,escrita,836.2057009999262
300,85,leitura,2506.2692050000805
300,85,liberacao,36.797090000163735
300,86,alocacao,388.6119020000933
300,86,escrita,897.4500859999353
300,86,leitura,2553.106426999875
300,86,liberacao,31.753973000149927
300,87,alocacao,372.7820240001165
300,87,escrita,886.6504630000236
300,87,leitura,2591.337502999977
300,87,liberacao,31.417993999866667
300,88,alocacao,357.8426589999708
300,88,escrita,906.725361999861
300,88,leitura,2590.457129000015
300,88,liberacao,32.67668500006948
300,89,alocacao,352.20856899991304
300,89,escrita,907.4477809999735
300,89,leitura,2546.83302300009
300,89,liberacao,45.241599000064525
300,90,alocacao,367.2275769999942
300,90,escrita,906.0035640000024
300,90,leitura,2547.6258710000366
300,90,liberacao,34.65968800014707
300,91,alocacao,362.0400109998627
300,91,escrita,887.7808289998939
300,91,leitura,2672.6087239999288
300,91,liberacao,29.64232399995126
300,92,alocacao,390.48645299999407
300,92,escrita,895.1930040000207
300,92,leitura,2410.5197769999904
300,92,liberacao,32.15490200000204
300,93,alocacao,368.815627999993
300,93,escrita,895.1104769998892
300,93,leitura,2528.142558999889
300,93,liberacao,30.46316899985868
300,94,alocacao,365.16538399996534
300,94,escrita,887.086040999975
300,94,leitura,2542.7794950001044
300,94,liberacao,32.027405000008
300,95,alocacao,371.10401499990076
300,95,escrita,892.5470110000333
300,95,leitura,2541.4189840000745
300,95,liberacao,31.34386000010636
300,96,alocacao,357.2646730001452
300,96,escrita,897.4538800000573
300,96,leitura,2369.6068299998387
300,96,liberacao,35.02396399994723
300,97,alocacao,380.384352999954
300,97,escrita,882.241514000043
300,97,leitura,2527.2154030001275
300,97,liberacao,31.625963000124102
300,98,alocacao,360.48436999999467
300,98,escrita,911.4404400002059
300,98,leitura,2376.903117999973
300,98,liberacao,36.659304999830056
300,99,alocacao,341.6094789999988
300,99,escrita,896.0908709998421
300,99,leitura,2589.820660999976
300,99,liberacao,29.08980799998062
300,100,alocacao,367.29317899994385
300,100,escrita,887.1830769999178
300,100,leitura,2299.0317829999185
300,100,liberacao,30.963634000045204
400,1,alocacao,502.14074800010167
400,1,escrita,2996.293702999992
400,1,leitura,3556.7390940000223
400,1,liberacao,38.08464400003686
400,2,alocacao,477.8561580001224
400,2,escrita,1220.3325220000352
400,2,leitura,3436.646021000115
400,2,liberacao,37.5214660000438
400,3,alocacao,480.0625719999516
400,3,escrita,1153.053428000021
400,3,leitura,3419.4974419999653
400,3,liberacao,38.170675999936066
400,4,alocacao,470.8256530000199
400,4,escrita,1230.0408789999437
400,4,leitura,3422.12364299985
400,4,liberacao,46.21470100005354
400,5,alocacao,472.59042600012435
400,5,escrita,1199.753419999979
400,5,leitura,3487.769823000008
400,5,liberacao,39.97560900006647
400,6,alocacao,478.7339780000366
400,6,escrita,1214.1810169998735
400,6,leitura,3457.1585849998883
400,6,liberacao,44.17243399984727
400,7,alocacao,473.13344499980303
400,7,escrita,1206.1964930001068
400,7,leitura,3471.1246730000767
400,7,liberacao,38.25708800013672
400,8,alocacao,467.4628800000846
400,8,escrita,1193.8895759999468
400,8,leitura,3392.447976999847
400,8,liberacao,41.790978000108225
400,9,alocacao,622.557014999984
400,9,escrita,1205.060911000146
400,9,leitura,3420.827231999965
400,9,liberacao,44.3433120001373
400,10,alocacao,497.44328300016605
400,10,escrita,1217.3104710000189
400,10,leitura,3366.602974999978
400,10,liberacao,38.28827699999238
400,11,alocacao,489.83454199992593
400,11,escrita,1214.584006999985
400,11,leitura,3414.952147000122
400,11,liberacao,42.385412000157885
400,12,alocacao,476.18092800007616
400,12,escrita,1111.7253039999468
400,12,leitura,3405.5793019999783
400,12,liberacao,47.79675800000405
400,13,alocacao,480.8845380000548
400,13,escrita,1188.593634999961
400,13,leitura,3369.924744999935
400,13,liberacao,44.82640600008381
400,14,alocacao,468.0087489998641
400,14,escrita,1198.700350999843
400,14,leitura,3402.265660000012
400,14,liberacao,44.7443740001745
400,15,alocacao,487.0213750000403
400,15,escrita,990.0537050000366
400,15,leitura,3439.043649000041
400,15,liberacao,37.48637800003962
400,16,alocacao,450.4452690000562
400,16,escrita,1150.302179999926
400,16,leitura,3514.4818750000013
400,16,liberacao,45.87752299994463
400,17,alocacao,471.3328039999851
400,17,escrita,1179.0462409999236
400,17,leitura,3678.024759999971
400,17,liberacao,37.51466099993195
400,18,alocacao,493.413172000146
400,18,escrita,1200.2179569999498
400,18,leitura,3390.44077199992
400,18,liberacao,38.03240799993546
400,19,alocacao,488.66164099990783
400,19,escrita,1191.2556329998552
400,19,leitura,3364.795425000011
400,19,liberacao,46.60212399994634
400,20,alocacao,445.0397749999411
400,20,escrita,1170.6572549999237
400,20,leitura,3378.7384569998267
400,20,liberacao,41.953262000106406
400,21,alocacao,470.72022599991215
400,21,escrita,1209.3878989999212
400,21,leitura,3443.6236579999786
400,21,liberacao,51.453851000133
400,22,alocacao,423.4562990000086
400,22,escrita,1120.4601240001466
400,22,leitura,3264.869132000058
400,22,liberacao,38.587564999943424
400,23,alocacao,503.86354500005837
400,23,escrita,1208.5616140000184
400,23,leitura,3400.339473000031
400,23,liberacao,44.661813999937294
400,24,alocacao,495.64157100007833
400,24,escrita,1174.6562840000934
400,24,leitura,3551.203595000061
400,24,liberacao,59.42705099982959
400,25,alocacao,485.95468100006656
400,25,escrita,1189.1630000000077
400,25,leitura,3431.6735450001943
400,25,liberacao,52.73995399988962
400,26,alocacao,489.19047800018234
400,26,escrita,1181.2594520001767
400,26,leitura,3188.5953599999084
400,26,liberacao,46.568954000122176
400,27,alocacao,484.06064400001014
400,27,escrita,1198.5592359999373
400,27,leitura,3497.1828059999552
400,27,liberacao,39.94255900011012
400,28,alocacao,468.9943440000661
400,28,escrita,1217.2886539999581
400,28,leitura,3350.9381329999997
400,28,liberacao,47.13524699991467
400,29,alocacao,449.4005849999212
400,29,escrita,1042.3279159999765
400,29,leitura,3439.2661309998402
400,29,liberacao,38.49904100002277
400,30,alocacao,475.31620700010535
400,30,escrita,1189.4388940002045
400,30,leitura,3385.2922200001103
400,30,liberacao,41.75879499985058
400,31,alocacao,463.13797800007706
400,31,escrita,1204.0808750000451
400,31,leitura,3214.4107330000224
400,31,liberacao,18.183530999976938
400,32,alocacao,598.272260000158
400,32,escrita,1076.9777640000484
400,32,leitura,3315.670468999997
400,32,liberacao,37.58173400001397
400,33,alocacao,464.37555000011344
400,33,escrita,1202.748812999971
400,33,leitura,3324.9730100001216
400,33,liberacao,47.10828799989031
400,34,alocacao,471.8654829998741
400,34,escrita,1203.068531000099
400,34,leitura,3362.3416710001948
400,34,liberacao,40.84842700012814
400,35,alocacao,471.6409120001117
400,35,escrita,1198.9163419998476
400,35,leitura,3413.613121999788
400,35,liberacao,37.1749760001876
400,36,alocacao,477.5146259999019
400,36,escrita,1189.6323569999367
400,36,leitura,3355.9722569998485
400,36,liberacao,46.055699000135064
400,37,alocacao,462.4299729998711
400,37,escrita,1164.6170720000555
400,37,leitura,3377.5203929999407
400,37,liberacao,44.04520099978981
400,38,alocacao,432.18956100008654
400,38,escrita,1012.1613890000845
400,38,leitura,3366.89864400023
400,38,liberacao,37.93015999963245
400,39,alocacao,481.99528500026645
400,39,escrita,1190.3065390001757
400,39,leitura,3562.323476000074
400,39,liberacao,43.4487210000043
400,40,alocacao,457.29930800007423
400,40,escrita,1227.922915000363
400,40,leitura,3370.412500999919
400,40,liberacao,37.00048300015624
400,41,alocacao,541.9662829999652
400,41,escrita,1193.9078239997798
400,41,leitura,3247.4186800000098
400,41,liberacao,39.087235999886616
400,42,alocacao,500.76588999991145
400,42,escrita,1175.501947000157
400,42,leitura,3324.9520929998653
400,42,liberacao,45.36864500005322
400,43,alocacao,499.9840440000298
400,43,escrita,1207.9129620001368
400,43,leitura,3399.6468860000277
400,43,liberacao,39.686570999947435
400,44,alocacao,479.40869800004293
400,44,escrita,1184.0340180001476
400,44,leitura,3329.60618900006
400,44,liberacao,35.90745200017409
400,45,alocacao,460.0469830002112
400,45,escrita,1214.7173809999003
400,45,leitura,3399.9940280000374
400,45,liberacao,49.69684000025154
400,46,alocacao,476.97418699999616
400,46,escrita,1214.1641990001517
400,46,leitura,3351.644458999999
400,46,liberacao,46.99691399991934
400,47,alocacao,460.8284820001245
400,47,escrita,1196.9484390001526
400,47,leitura,3368.3752390002155
400,47,liberacao,46.791473000212136
400,48,alocacao,502.41210600006525
400,48,escrita,1223.2971429998543
400,48,leitura,3381.61723300027
400,48,liberacao,38.2860609997806
400,49,alocacao,490.15094200012754
400,49,escrita,1220.7117009998
400,49,leitura,3396.6652900003282
400,49,liberacao,39.610032999917166
400,50,alocacao,491.9542489997184
400,50,escrita,1245.9064939998825
400,50,leitura,3312.2527960003936
400,50,liberacao,27.235715000188065
400,51,alocacao,484.122791000118
400,51,escrita,1270.6669009999132
400,51,leitura,3426.6706920002434
400,51,liberacao,44.58172699969509
400,52,alocacao,471.61445699975957
400,52,escrita,1215.8955310001147
400,52,leitura,3449.4470109998474
400,52,liberacao,38.38240599998244
400,53,alocacao,463.511939
400,53,escrita,1264.5152939999207
400,53,leitura,3413.498722999975
400,53,liberacao,37.908883999989484
400,54,alocacao,470.69460399961827
400,54,escrita,1226.7554800000653
400,54,leitura,3256.7292820003786
400,54,liberacao,43.58858699970369
400,55,alocacao,432.88474600012705
400,55,escrita,1288.2404019997011
400,55,leitura,3359.685948999868
400,55,liberacao,39.79050899988579
400,56,alocacao,460.9537870001077
400,56,escrita,1205.6977709999046
400,56,leitura,3384.982452999793
400,56,liberacao,47.87184899987551
400,57,alocacao,472.2357410000768
400,57,escrita,1238.1332169998132
400,57,leitura,3403.3543600003213
400,57,liberacao,40.70441200019559
400,58,alocacao,477.9574999997749
400,58,escrita,1225.2039370000603
400,58,leitura,3405.4310249998707
400,58,liberacao,38.930058000005374
400,59,alocacao,471.9346880001467
400,59,escrita,1199.9535700001616
400,59,leitura,3301.19761800006
400,59,liberacao,46.980539000287536
400,60,alocacao,457.96444699999483
400,60,escrita,1117.547064000064
400,60,leitura,3315.916273000312
400,60,liberacao,45.24116199991113
400,61,alocacao,476.68090199977087
400,61,escrita,1185.4591480000636
400,61,leitura,3180.145535000065
400,61,liberacao,38.16612700029509
400,62,alocacao,495.6465049999679
400,62,escrita,1171.3585669999702
400,62,leitura,3496.7740160000176
400,62,liberacao,41.264158000103635
400,63,alocacao,495.6196140001339
400,63,escrita,1162.4744619998637
400,63,leitura,3364.342956999735
400,63,liberacao,42.9618240000309
400,64,alocacao,475.4666140001973
400,64,escrita,1217.7583369998501
400,64,leitura,3477.011229999789
400,64,liberacao,44.68493200010926
400,65,alocacao,494.292711000071
400,65,escrita,1165.2459179999823
400,65,leitura,3378.8266999999905
400,65,liberacao,47.004823999941436
400,66,alocacao,496.0380999996232
400,66,escrita,1172.857484999895
400,66,leitura,3357.9192939996574
400,66,liberacao,36.03743299981943
400,67,alocacao,473.5241899998073
400,67,escrita,1138.4694640000816
400,67,leitura,3404.678041999887
400,67,liberacao,38.30165499994109
400,68,alocacao,418.0740390002029
400,68,escrita,1094.8234180000327
400,68,leitura,3343.1438449997586
400,68,liberacao,44.53957799978525
400,69,alocacao,512.963013999979
400,69,escrita,1081.6649739999775
400,69,leitura,3539.4259220001913
400,69,liberacao,44.907987999977195
400,70,alocacao,478.2365020000725
400,70,escrita,1226.4647470001364
400,70,leitura,3592.2775989997717
400,70,liberacao,45.7052299998395
400,71,alocacao,488.30919600004563
400,71,escrita,1236.592881999968
400,71,leitura,3438.8349020000533
400,71,liberacao,41.12043300028745
400,72,alocacao,472.8305500002534
400,72,escrita,1024.7054319997915
400,72,leitura,3456.7580540001472
400,72,liberacao,40.94238100014991
400,73,alocacao,494.8385750003581
400,73,escrita,1209.886115000245
400,73,leitura,3457.650064000063
400,73,liberacao,48.294285999872955
400,74,alocacao,472.6777860000766
400,74,escrita,1200.9062419997463
400,74,leitura,3369.628706000185
400,74,liberacao,37.694641999678424
400,75,alocacao,491.4613340001779
400,75,escrita,1215.4037440000138
400,75,leitura,3413.3153669999956
400,75,liberacao,38.131751000037184
400,76,alocacao,485.895124000308
400,76,escrita,1227.7992189997349
400,76,leitura,3583.74830799994
400,76,liberacao,48.217839999779244
400,77,alocacao,490.871603999949
400,77,escrita,1174.9697730001571
400,77,leitura,3394.6008909997545
400,77,liberacao,51.645497999743384
400,78,alocacao,479.93774799988387
400,78,escrita,1317.2320389999186
400,78,leitura,3370.11521300019
400,78,liberacao,43.96294399975886
400,79,alocacao,510.9854679999444
400,79,escrita,1199.212627000179
400,79,leitura,3244.4501469999523
400,79,liberacao,37.61748099987017
400,80,alocacao,464.4055240000853
400,80,escrita,1170.3271880001012
400,80,leitura,3482.661859000018
400,80,liberacao,40.71636099979514
400,81,alocacao,477.91898400009813
400,81,escrita,1221.6401300001962
400,81,leitura,3155.739196000013
400,81,liberacao,47.13027299976602
400,82,alocacao,488.4106330000577
400,82,escrita,1149.3788530001439
400,82,leitura,3362.664604999736
400,82,liberacao,39.243909000106214
400,83,alocacao,467.18145499971797
400,83,escrita,1211.2527040003442
400,83,leitura,3377.1689239997613
400,83,liberacao,38.492088000111835
400,84,alocacao,469.3108429996755
400,84,escrita,1218.0439470002966
400,84,leitura,3380.166487999759
400,84,liberacao,44.10717900009331
400,85,alocacao,482.2413689998939
400,85,escrita,1169.9061290000827
400,85,leitura,3404.5437449999554
400,85,liberacao,76.69503799979793
400,86,alocacao,582.0641760001308
400,86,escrita,1180.9612610004478
400,86,leitura,3408.5044970001945
400,86,liberacao,43.4954430002108
400,87,alocacao,476.470314999915
400,87,escrita,1207.5754669999696
400,87,leitura,3366.322969000066
400,87,liberacao,43.765190999693004
400,88,alocacao,484.0278249998846
400,88,escrita,1154.1803270001765
400,88,leitura,3334.395011000197
400,88,liberacao,39.92829100025119
400,89,alocacao,480.63218000015695
400,89,escrita,1192.212353999821
400,89,leitura,3363.814324000032
400,89,liberacao,39.598720999947545
400,90,alocacao,479.934009000317
400,90,escrita,1162.4861329996747
400,90,leitura,3377.392186000179
400,90,liberacao,37.96562099978473
400,91,alocacao,470.0811610000528
400,91,escrita,1181.951953999942
400,91,leitura,3371.6510829999606
400,91,liberacao,52.156142000058026
400,92,alocacao,480.66057900041415
400,92,escrita,1167.0099419998223
400,92,leitura,3240.6321680000474
400,92,liberacao,36.94424499963134
400,93,alocacao,467.10132400039583
400,93,escrita,1201.1946759998864
400,93,leitura,3506.7469349996827
400,93,liberacao,46.0630399998081
400,94,alocacao,471.3946820002093
400,94,escrita,1190.8812729998317
400,94,leitura,3336.2426140001844
400,94,liberacao,44.57867599967358
400,95,alocacao,472.7251869999236
400,95,escrita,1242.0670799997424
400,95,leitura,3387.7107659996
400,95,liberacao,43.199488000027486
400,96,alocacao,487.7223319999757
400,96,escrita,1196.71222199986
400,96,leitura,3409.940751999784
400,96,liberacao,50.393967000218254
400,97,alocacao,480.63114999968093
400,97,escrita,1233.6365030000707
400,97,leitura,3404.9027429996386
400,97,liberacao,43.30580199984979
400,98,alocacao,489.33941399991454
400,98,escrita,1228.5101639999993
400,98,leitura,3422.057556999789
400,98,liberacao,46.75146899990068
400,99,alocacao,493.4120749999238
400,99,escrita,1193.0489740002486
400,99,leitura,3426.731581999775
400,99,liberacao,46.59367200019915
400,100,alocacao,490.7089939997604
400,100,escrita,1217.7016579998963
400,100,leitura,3422.2926729999017
400,100,liberacao,47.11484100016605
500,1,alocacao,601.3029000000643
500,1,escrita,4297.479304000262
500,1,leitura,4322.51588400004
500,1,liberacao,46.05571699994471
500,2,alocacao,586.4580709999245
500,2,escrita,1492.0208670000648
500,2,leitura,4083.714493000116
500,2,liberacao,57.01734700005545
500,3,alocacao,625.3521050002746
500,3,escrita,1492.5044400001752
500,3,leitura,4215.088156000093
500,3,liberacao,57.55579300011959
500,4,alocacao,577.996486000302
500,4,escrita,1503.5797559999082
500,4,leitura,4209.919959000217
500,4,liberacao,57.33280399999785
500,5,alocacao,593.4452659998897
500,5,escrita,1493.2781970001088
500,5,leitura,4189.814076999937
500,5,liberacao,53.61527700006263
500,6,alocacao,604.2621000001418
500,6,escrita,1463.4955739998077
500,6,leitura,4148.691999000221
500,6,liberacao,158.0362409999907
500,7,alocacao,634.2003140002817
500,7,escrita,1472.5066299997707
500,7,leitura,4042.2828139999183
500,7,liberacao,51.71878700002708
500,8,alocacao,585.0003609998566
500,8,escrita,1489.8785539999153
500,8,leitura,4084.800028000245
500,8,liberacao,57.78738800017891
500,9,alocacao,621.7063630001576
500,9,escrita,1518.1466039998668
500,9,leitura,4239.829894000195
500,9,liberacao,47.34486100005597
500,10,alocacao,620.0223089999781
500,10,escrita,1480.695151999953
500,10,leitura,4164.027403000091
500,10,liberacao,54.44778899982339
500,11,alocacao,578.4521460000178
500,11,escrita,1498.7684799998533
500,11,leitura,4192.977063999933
500,11,liberacao,61.73334100003558
500,12,alocacao,586.150421000184
500,12,escrita,1498.3607320000374
500,12,leitura,4219.293053999991
500,12,liberacao,47.13086499987185
500,13,alocacao,603.4347599998
500,13,escrita,1600.5415039999207
500,13,leitura,4258.196389000204
500,13,liberacao,57.232372000271425
500,14,alocacao,607.6815010001155
500,14,escrita,1491.2932840002213
500,14,leitura,4262.061163999988
500,14,liberacao,56.350865999775124
500,15,alocacao,647.1719400001348
500,15,escrita,1497.1651579999161
500,15,leitura,4310.552882000138
500,15,liberacao,55.626797000059014
500,16,alocacao,592.7040370002032
500,16,escrita,1594.384887999695
500,16,leitura,4389.015851000295
500,16,liberacao,53.11653600028876
500,17,alocacao,625.890236000032
500,17,escrita,1546.411541999987
500,17,leitura,4559.423227000025
500,17,liberacao,50.2078290001009
500,18,alocacao,624.625394999839
500,18,escrita,1519.989393999822
500,18,leitura,4514.38796399998
500,18,liberacao,47.78656600001341
500,19,alocacao,630.882257000394
500,19,escrita,1504.0157800003726
500,19,leitura,4199.435202999666
500,19,liberacao,50.351920000139216
500,20,alocacao,613.3798460000435
500,20,escrita,1500.28395299978
500,20,leitura,3981.3100070000473
500,20,liberacao,54.154440999809594
500,21,alocacao,576.7601459997422
500,21,escrita,1521.2104420002106
500,21,leitura,4276.912631999949
500,21,liberacao,55.09719600013341
500,22,alocacao,599.8289629997089
500,22,escrita,1564.0274430002137
500,22,leitura,4424.198067999896
500,22,liberacao,60.86152399984712
500,23,alocacao,587.2714929996619
500,23,escrita,1423.3024120003392
500,23,leitura,4229.868453999643
500,23,liberacao,52.34184000028108
500,24,alocacao,615.0624080000853
500,24,escrita,1442.5320440000178
500,24,leitura,4187.279439000122
500,24,liberacao,48.26543799981664
500,25,alocacao,617.1151110002029
500,25,escrita,1488.7228059997142
500,25,leitura,4239.256373999979
500,25,liberacao,56.51861499973165
500,26,alocacao,581.3894729999447
500,26,escrita,1340.0147919996925
500,26,leitura,4170.067616999859
500,26,liberacao,59.177288000228145
500,27,alocacao,565.465359999962
500,27,escrita,1511.3872940000874
500,27,leitura,4460.952556999928
500,27,liberacao,50.77488500000982
500,28,alocacao,632.3359000002711
500,28,escrita,1479.164913999739
500,28,leitura,4222.1721470000375
500,28,liberacao,53.15229099960561
500,29,alocacao,596.4442649997181
500,29,escrita,1506.0227720000512
500,29,leitura,3914.320799000052
500,29,liberacao,58.97895999987668
500,30,alocacao,579.4526219997351
500,30,escrita,1517.9199519998292
500,30,leitura,4197.538941000403
500,30,liberacao,61.3195280002401
500,31,alocacao,628.7948429999233
500,31,escrita,1480.8329120000963
500,31,leitura,4283.831227000064
500,31,liberacao,46.91330200012089
500,32,alocacao,579.5624540000972
500,32,escrita,1497.5835769996593
500,32,leitura,4237.955799000247
500,32,liberacao,57.08266300007381
500,33,alocacao,588.0506079997758
500,33,escrita,1540.1816729995517
500,33,leitura,4235.9402689999115
500,33,liberacao,45.72018799990474
500,34,alocacao,606.6448179999497
500,34,escrita,1477.7772130000812
500,34,leitura,4220.073400000274
500,34,liberacao,49.80196299993622
500,35,alocacao,604.6227790002376
500,35,escrita,1683.1695680002667
500,35,leitura,4314.077023000209
500,35,liberacao,62.7926780002781
500,36,alocacao,586.3882740000008
500,36,escrita,1525.674687999981
500,36,leitura,4296.110162000332
500,36,liberacao,47.13631499998883
500,37,alocacao,575.8234550003181
500,37,escrita,1525.4142710000451
500,37,leitura,4269.750429999931
500,37,liberacao,47.766185000000405
500,38,alocacao,594.9416889998247
500,38,escrita,1482.5988470001903
500,38,leitura,4244.954647000213
500,38,liberacao,55.010695999953896
500,39,alocacao,602.5480969997261
500,39,escrita,1472.3958449999373
500,39,leitura,4197.5658549999935
500,39,liberacao,50.50858999993579
500,40,alocacao,612.3423599997295
500,40,escrita,1498.6766280003394
500,40,leitura,4205.560504000005
500,40,liberacao,53.15701499966963
500,41,alocacao,598.5753610002575
500,41,escrita,1642.3809230000188
500,41,leitura,4191.481610999745
500,41,liberacao,49.25334300014583
500,42,alocacao,610.6038259999877
500,42,escrita,1500.8628630002931
500,42,leitura,4235.127719000047
500,42,liberacao,53.87033800025165
500,43,alocacao,599.347810999916
500,43,escrita,1506.630691999817
500,43,leitura,4259.398405999946
500,43,liberacao,60.5492489999051
500,44,alocacao,578.5929450003096
500,44,escrita,1508.1003619998228
500,44,leitura,4222.900429000219
500,44,liberacao,46.40251000000717
500,45,alocacao,614.3685309998546
500,45,escrita,1469.495433999782
500,45,leitura,4051.116194000315
500,45,liberacao,44.86839500032147
500,46,alocacao,573.9082239997515
500,46,escrita,1485.585262999848
500,46,leitura,4174.959776999913
500,46,liberacao,60.32374299957155
500,47,alocacao,579.0302719997271
500,47,escrita,1519.957599999998
500,47,leitura,4320.675539000149
500,47,liberacao,58.152687000074366
500,48,alocacao,604.5500579998588
500,48,escrita,1511.354140000094
500,48,leitura,4014.0955799997755
500,48,liberacao,43.14780699996845
500,49,alocacao,569.3957010003032
500,49,escrita,1359.001750999596
500,49,leitura,4068.5980469997958
500,49,liberacao,47.23693200003254
500,50,alocacao,614.6371549998548
500,50,escrita,1485.335890999977
500,50,leitura,4182.512269999734
500,50,liberacao,57.4496219996945
500,51,alocacao,596.6363709999314
500,51,escrita,1436.8508279999332
500,51,leitura,4168.895032000364
500,51,liberacao,35.58391299975483
500,52,alocacao,475.7860149998123
500,52,escrita,1472.812309999881
500,52,leitura,4306.584742000268
500,52,liberacao,61.09184099977938
500,53,alocacao,587.0073109999794
500,53,escrita,1527.718867999738
500,53,leitura,4415.893751000112
500,53,liberacao,48.31272399997033
500,54,alocacao,616.8402029998106
500,54,escrita,1471.371242999794
500,54,leitura,4240.519028000108
500,54,liberacao,58.173346999865316
500,55,alocacao,626.0511300001781
500,55,escrita,1507.896446000359
500,55,leitura,4249.341216000175
500,55,liberacao,52.7016010000807
500,56,alocacao,669.7426310001902
500,56,escrita,1498.7016219997713
500,56,leitura,4062.0610669998314
500,56,liberacao,49.3223170001329
500,57,alocacao,624.3478320002396
500,57,escrita,1470.9871919999387
500,57,leitura,4229.37631700006
500,57,liberacao,51.1575969999285
500,58,alocacao,613.9751679997971
500,58,escrita,1540.1592449998134
500,58,leitura,4208.316124000248
500,58,liberacao,46.644375000141736
500,59,alocacao,587.1045260000756
500,59,escrita,1422.0067500000368
500,59,leitura,4044.651982999767
500,59,liberacao,51.53760899975168
500,60,alocacao,612.6121800002693
500,60,escrita,1543.7518930002625
500,60,leitura,4263.412307999715
500,60,liberacao,41.53150399997685
500,61,alocacao,538.5063130001981
500,61,escrita,1543.8390500003152
500,61,leitura,4100.915352999891
500,61,liberacao,59.82087400025193
500,62,alocacao,577.3632969999198
500,62,escrita,1511.5086560003874
500,62,leitura,4200.030755999705
500,62,liberacao,59.68140200002381
500,63,alocacao,600.4592189997311
500,63,escrita,1457.9531240001415
500,63,leitura,4160.702949000097
500,63,liberacao,50.860847999956604
500,64,alocacao,613.4061170000678
500,64,escrita,1492.6977810000608
500,64,leitura,4158.802976000061
500,64,liberacao,47.297059999891644
500,65,alocacao,613.7417840000126
500,65,escrita,1469.8909479998292
500,65,leitura,4250.974575999862
500,65,liberacao,55.75065999983053
500,66,alocacao,734.1291309999178
500,66,escrita,1490.102572000069
500,66,leitura,4198.804970999845
500,66,liberacao,54.20504199992138
500,67,alocacao,593.0624359998546
500,67,escrita,1516.3601610001933
500,67,leitura,4189.788330999818
500,67,liberacao,57.75473699986833
500,68,alocacao,598.388662999696
500,68,escrita,1489.682700999765
500,68,leitura,4255.972538000151
500,68,liberacao,55.10567000010269
500,69,alocacao,600.202277000335
500,69,escrita,1593.1264139999257
500,69,leitura,4417.1951409998655
500,69,liberacao,55.07037699999273
500,70,alocacao,614.6848260000297
500,70,escrita,1487.9446999998436
500,70,leitura,4223.027086999991
500,70,liberacao,54.90319800037469
500,71,alocacao,589.4521820000591
500,71,escrita,1505.5774319998818
500,71,leitura,4148.759426000197
500,71,liberacao,56.78536100003839
500,72,alocacao,601.6019730000153
500,72,escrita,1784.3512139997983
500,72,leitura,4351.767708999887
500,72,liberacao,59.402743999726226
500,73,alocacao,569.2160920002607
500,73,escrita,1553.2055530002253
500,73,leitura,4232.506263000232
500,73,liberacao,46.585240999775124
500,74,alocacao,615.4408799998237
500,74,escrita,1459.711680000055
500,74,leitura,4372.757826999987
500,74,liberacao,61.51030899991383
500,75,alocacao,586.8925839999974
500,75,escrita,1378.061826999783
500,75,leitura,4264.415608000036
500,75,liberacao,49.1026449999481
500,76,alocacao,573.544967000089
500,76,escrita,1394.9757400000635
500,76,leitura,4013.7335829999756
500,76,liberacao,50.11916100011149
500,77,alocacao,582.0258339999782
500,77,escrita,1538.4225759999026
500,77,leitura,4050.8485699997436
500,77,liberacao,57.28202299997065
500,78,alocacao,568.3044069996868
500,78,escrita,1498.3779950002827
500,78,leitura,4454.770741000175
500,78,liberacao,49.65622600002462
500,79,alocacao,554.0508839999347
500,79,escrita,1587.698404999628
500,79,leitura,2845.785659000285
500,79,liberacao,29.426794999835693
500,80,alocacao,343.0453599999055
500,80,escrita,923.476873999789
500,80,leitura,4124.054206999972
500,80,liberacao,52.347505999932764
500,81,alocacao,589.9152639999556
500,81,escrita,1512.824665000153
500,81,leitura,4217.94576900038
500,81,liberacao,47.197663000133616
500,82,alocacao,591.1766539998098
500,82,escrita,1493.756464999933
500,82,leitura,4358.323347999885
500,82,liberacao,48.4561569996913
500,83,alocacao,571.7405120003605
500,83,escrita,1565.5263210001067
500,83,leitura,4292.0347540002695
500,83,liberacao,54.45757899997261
500,84,alocacao,617.4729939998542
500,84,escrita,1528.4229680000863
500,84,leitura,4380.289307000112
500,84,liberacao,65.68750499991438
500,85,alocacao,536.7682549999699
500,85,escrita,1336.8233690002853
500,85,leitura,3328.983603999859
500,85,liberacao,37.42003399975147
500,86,alocacao,433.33736300019154
500,86,escrita,1006.2993629999255
500,86,leitura,3943.8073029996303
500,86,liberacao,47.08643000003576
500,87,alocacao,483.7759349998123
500,87,escrita,1328.7186469997323
500,87,leitura,4375.194561999706
500,87,liberacao,52.075820000027306
500,88,alocacao,625.7130779999898
500,88,escrita,1565.980173999833
500,88,leitura,2983.8441399997464
500,88,liberacao,33.118489000116824
500,89,alocacao,300.04980700005035
500,89,escrita,762.0436010001868
500,89,leitura,2678.922959999909
500,89,liberacao,53.75375499988877
500,90,alocacao,581.0100919998149
500,90,escrita,1356.438569999682
500,90,leitura,3734.1905070002213
500,90,liberacao,42.71618299981128
500,91,alocacao,605.8457409999392
500,91,escrita,1519.2673010001272
500,91,leitura,4148.815365000246
500,91,liberacao,57.56701200016323
500,92,alocacao,641.7474830000174
500,92,escrita,1499.8289390000537
500,92,leitura,4630.791539999791
500,92,liberacao,38.70152900026369
500,93,alocacao,591.1293390004175
500,93,escrita,1166.8084790003377
500,93,leitura,4438.051622999865
500,93,liberacao,60.127535999981774
500,94,alocacao,576.902723999865
500,94,escrita,1533.1049520000306
500,94,leitura,4295.921748999717
500,94,liberacao,57.9376499999853
500,95,alocacao,568.3731599997373
500,95,escrita,1524.2526059996635
500,95,leitura,4218.849937999948
500,95,liberacao,43.216222999944875
500,96,alocacao,632.1496599998682
500,96,escrita,1514.3533529999331
500,96,leitura,3809.5451260001028
500,96,liberacao,50.122669999836944
500,97,alocacao,567.9884099999981
500,97,escrita,1478.0977939999502
500,97,leitura,4159.4584810000015
500,97,liberacao,23.348747999989428
500,98,alocacao,497.46289900031115
500,98,escrita,1368.2173079996574
500,98,leitura,4519.919565999771
500,98,liberacao,53.89000900004248
500,99,alocacao,632.6179709999451
500,99,escrita,1429.0768619998744
500,99,leitura,3863.5831319998033
500,99,liberacao,57.85714800003916
500,100,alocacao,601.3794840000628
500,100,escrita,1512.8184950003742
500,100,leitura,4149.145125999894
500,100,liberacao,46.52915400038182
600,1,alocacao,677.8931240000929
600,1,escrita,3855.302421000033
600,1,leitura,5143.227433999982
600,1,liberacao,59.670114000255126
600,2,alocacao,748.0546729998423
600,2,escrita,1744.855221999842
600,2,leitura,5288.148911999997
600,2,liberacao,68.65653800014115
600,3,alocacao,718.9772770002492
600,3,escrita,1784.984175000318
600,3,leitura,5451.974136999979
600,3,liberacao,65.6127919996834
600,4,alocacao,710.5475819998901
600,4,escrita,1666.6365420001057
600,4,leitura,4939.061501000197
600,4,liberacao,59.26563000002716
600,5,alocacao,697.5680559999091
600,5,escrita,1789.1948850001427
600,5,leitura,5063.447602999986
600,5,liberacao,59.90383500011376
600,6,alocacao,727.0017880000523
600,6,escrita,1755.4391230000874
600,6,leitura,5023.490855999626
600,6,liberacao,61.67137900001762
600,7,alocacao,698.3111200001986
600,7,escrita,1626.652144000218
600,7,leitura,4950.0770829999965
600,7,liberacao,60.184266999840474
600,8,alocacao,697.2109640000781
600,8,escrita,1747.9346089999126
600,8,leitura,5150.0366599998415
600,8,liberacao,68.76381099982609
600,9,alocacao,734.015614999862
600,9,escrita,1758.0352719996881
600,9,leitura,5168.65361400005
600,9,liberacao,50.17920399996001
600,10,alocacao,732.8016630003731
600,10,escrita,1797.3828419999336
600,10,leitura,5062.628675000269
600,10,liberacao,65.09166899968477
600,11,alocacao,682.580698000038
600,11,escrita,1790.2654049999
600,11,leitura,4913.394217000132
600,11,liberacao,55.973894000089786
600,12,alocacao,727.6559089996226
600,12,escrita,1828.7293930002306
600,12,leitura,5134.928834999755
600,12,liberacao,66.15128300018114
600,13,alocacao,659.3740230000549
600,13,escrita,1845.7261300000027
600,13,leitura,5030.350274999819
600,13,liberacao,70.34886200017354
600,14,alocacao,717.7764829998523
600,14,escrita,1825.1147650003077
600,14,leitura,5107.8513309998925
600,14,liberacao,68.87998000001971
600,15,alocacao,696.4843640002982
600,15,escrita,2052.9623779998474
600,15,leitura,5060.655292999854
600,15,liberacao,70.71606800036534
600,16,alocacao,757.6435539999693
600,16,escrita,1724.4421460000012
600,16,leitura,5016.773274000116
600,16,liberacao,58.269534000373824
600,17,alocacao,710.4180540000016
600,17,escrita,1784.2937570003414
600,17,leitura,5258.299542000259
600,17,liberacao,55.91071599974384
600,18,alocacao,709.9489160000303
600,18,escrita,1816.8097970001327
600,18,leitura,5048.595333000321
600,18,liberacao,68.77955500021926
600,19,alocacao,707.4625119998927
600,19,escrita,1858.6904450003203
600,19,leitura,5363.024761999895
600,19,liberacao,72.57590000017444
600,20,alocacao,729.2835449998165
600,20,escrita,1777.9086059999827
600,20,leitura,4863.843823000025
600,20,liberacao,59.84340399982102
600,21,alocacao,716.0558939999646
600,21,escrita,1807.9229850000047
600,21,leitura,5031.755759000134
600,21,liberacao,54.684145000010176
600,22,alocacao,725.7663239997783
600,22,escrita,1837.906010000097
600,22,leitura,5078.948976999982
600,22,liberacao,64.41959999983737
600,23,alocacao,720.3889279999203
600,23,escrita,1694.1696969997793
600,23,leitura,5227.206465999643
600,23,liberacao,57.187521000287234
600,24,alocacao,719.855648000248
600,24,escrita,1989.6724290001657
600,24,leitura,5148.660435000238
600,24,liberacao,56.46781400037071
600,25,alocacao,737.8657989997919
600,25,escrita,1883.6710049999965
600,25,leitura,5111.045066000315
600,25,liberacao,70.08086099995126
600,26,alocacao,762.7423640001325
600,26,escrita,1768.470865999916
600,26,leitura,5433.140858000115
600,26,liberacao,66.57622600005197
600,27,alocacao,742.6598550000563
600,27,escrita,1787.1924689998195
600,27,leitura,5207.793316999869
600,27,liberacao,53.67883700000675
600,28,alocacao,731.3346669998282
600,28,escrita,1794.6684649996314
600,28,leitura,5056.760860000395
600,28,liberacao,66.71607599992058
600,29,alocacao,710.0622729999486
600,29,escrita,1816.3657069999317
600,29,leitura,5205.701375999979
600,29,liberacao,76.89506599990636
600,30,alocacao,730.4160980002052
600,30,escrita,1766.1287789997004
600,30,leitura,5006.2776969998595
600,30,liberacao,24.929513000188308
600,31,alocacao,707.7676090002569
600,31,escrita,1674.729662000118
600,31,leitura,5105.94335199994
600,31,liberacao,55.060321999917505
600,32,alocacao,747.1988880001845
600,32,escrita,1776.6932439999437
600,32,leitura,5138.824824000039
600,32,liberacao,61.99362999996083
600,33,alocacao,671.4657329998772
600,33,escrita,1796.0241440000573
600,33,leitura,5165.525073000026
600,33,liberacao,63.5246100000586
600,34,alocacao,709.4532390001405
600,34,escrita,1809.8514349999277
600,34,leitura,5152.984320999622
600,34,liberacao,58.33332400015934
600,35,alocacao,703.5973930001092
600,35,escrita,1756.922564999968
600,35,leitura,5094.314080999993
600,35,liberacao,61.697052999988955
600,36,alocacao,668.7803479999275
600,36,escrita,1783.7781789999099
600,36,leitura,4973.71953999982
600,36,liberacao,70.12103900024158
600,37,alocacao,725.5470240002069
600,37,escrita,1762.5139700003274
600,37,leitura,5212.946114999795
600,37,liberacao,59.519517999888194
600,38,alocacao,728.841495999859
600,38,escrita,1847.3690460000398
600,38,leitura,5313.212245000159
600,38,liberacao,60.857482999836066
600,39,alocacao,528.2742310000685
600,39,escrita,1810.0264469999274
600,39,leitura,5003.724570000031
600,39,liberacao,67.84703599987552
600,40,alocacao,877.3786440001459
600,40,escrita,1780.956733000039
600,40,leitura,5132.9923879998205
600,40,liberacao,55.88434999981473
600,41,alocacao,716.2234750003336
600,41,escrita,1784.4010240000898
600,41,leitura,5205.303309000101
600,41,liberacao,70.51781899963316
600,42,alocacao,717.3877039999752
600,42,escrita,1806.1282389999178
600,42,leitura,5177.791842999795
600,42,liberacao,60.707451999860496
600,43,alocacao,731.16091699967
600,43,escrita,1826.9717630000741
600,43,leitura,4929.461172999709
600,43,liberacao,63.76199900023494
600,44,alocacao,720.8986309997272
600,44,escrita,1817.5943719998031
600,44,leitura,4994.19276000026
600,44,liberacao,53.43161000018881
600,45,alocacao,728.8735120000638
600,45,escrita,1806.482527999833
600,45,leitura,5082.5658280000425
600,45,liberacao,69.17530300006547
600,46,alocacao,728.8315129999319
600,46,escrita,1840.6682969998656
600,46,leitura,5181.134423999993
600,46,liberacao,60.108442999990075
600,47,alocacao,709.5476399999825
600,47,escrita,1848.165162999976
600,47,leitura,5084.48030999989
600,47,liberacao,67.9802810000183
600,48,alocacao,700.2741680003055
600,48,escrita,1839.7190350001438
600,48,leitura,5126.840135000293
600,48,liberacao,58.495850000326755
600,49,alocacao,711.1593240001639
600,49,escrita,1807.9519369998707
600,49,leitura,5054.541979000078
600,49,liberacao,44.94494900018253
600,50,alocacao,710.8936599997833
600,50,escrita,1800.4955450001034
600,50,leitura,5055.8245679999345
600,50,liberacao,59.038352999778
600,51,alocacao,718.2274540000435
600,51,escrita,1801.1506429998008
600,51,leitura,4825.638933999926
600,51,liberacao,54.24404499990487
600,52,alocacao,709.3320379999568
600,52,escrita,1797.9993839999224
600,52,leitura,5159.647151999707
600,52,liberacao,67.0171480001045
600,53,alocacao,697.6359340001181
600,53,escrita,1822.3766409996642
600,53,leitura,5173.002532999817
600,53,liberacao,54.02578099983657
600,54,alocacao,728.7809119998201
600,54,escrita,1787.1062070003063
600,54,leitura,4806.624999000178
600,54,liberacao,69.81118800013064
600,55,alocacao,703.9653970000472
600,55,escrita,1823.4383730000445
600,55,leitura,5125.696843000242
600,55,liberacao,58.52152199986449
600,56,alocacao,734.6193789999234
600,56,escrita,1808.7243689997194
600,56,leitura,5193.4844009997505
600,56,liberacao,74.68355799983328
600,57,alocacao,718.4315740000784
600,57,escrita,1807.8570669999863
600,57,leitura,5161.1928440001975
600,57,liberacao,57.645991000299546
600,58,alocacao,725.0173570000698
600,58,escrita,1855.829440999969
600,58,leitura,5046.590669999659
600,58,liberacao,68.45041399992624
600,59,alocacao,713.3266669998193
600,59,escrita,1778.824541999711
600,59,leitura,5073.398419000114
600,59,liberacao,73.76529400016807
600,60,alocacao,703.8766900000155
600,60,escrita,1804.7869479996734
600,60,leitura,5096.484524000061
600,60,liberacao,58.846503000040684
600,61,alocacao,726.8995909998921
600,61,escrita,1873.7003589999404
600,61,leitura,5141.919655000038
600,61,liberacao,66.96887599991896
600,62,alocacao,704.276334000042
600,62,escrita,1822.1399330000168
600,62,leitura,4851.461894000295
600,62,liberacao,70.39673100007349
600,63,alocacao,723.4010449997186
600,63,escrita,1819.0918589998546
600,63,leitura,5058.609280999917
600,63,liberacao,66.40234199994666
600,64,alocacao,732.1113079997303
600,64,escrita,1777.4116820000927
600,64,leitura,4907.988034000027
600,64,liberacao,67.54280599989215
600,65,alocacao,709.4082199996592
600,65,escrita,1821.994237999661
600,65,leitura,4980.333019000227
600,65,liberacao,63.06223899991892
600,66,alocacao,671.8846419998954
600,66,escrita,1870.0163680000514
600,66,leitura,5218.703845999698
600,66,liberacao,38.495901999795024
600,67,alocacao,722.7413680002428
600,67,escrita,1722.8133279995745
600,67,leitura,4970.521339000243
600,67,liberacao,53.62235500024326
600,68,alocacao,720.4799529999946
600,68,escrita,1794.5956550001938
600,68,leitura,5078.725698999733
600,68,liberacao,54.93088000002899
600,69,alocacao,763.1008590001329
600,69,escrita,1795.7628429999204
600,69,leitura,4975.493080999968
600,69,liberacao,71.29291100000046
600,70,alocacao,705.5169489999571
600,70,escrita,1793.3735429996887
600,70,leitura,5099.175908999769
600,70,liberacao,69.91474200003722
600,71,alocacao,726.3384220000262
600,71,escrita,1802.8723649999847
600,71,leitura,5061.9939950001935
600,71,liberacao,58.48348999961672
600,72,alocacao,740.8948729998883
600,72,escrita,1916.6094619999967
600,72,leitura,5435.831301000235
600,72,liberacao,70.4265670001405
600,73,alocacao,721.1657789998753
600,73,escrita,1833.7200360001589
600,73,leitura,5128.359603000263
600,73,liberacao,64.9489430002177
600,74,alocacao,730.0392739998642
600,74,escrita,1796.2243399997533
600,74,leitura,5118.487506999827
600,74,liberacao,62.11561600002824
600,75,alocacao,712.4050139996143
600,75,escrita,1800.1421849999133
600,75,leitura,5085.794870999962
600,75,liberacao,69.24178099961864
600,76,alocacao,706.2327009998626
600,76,escrita,1823.0751020000753
600,76,leitura,5104.660781999883
600,76,liberacao,60.13085599988699
600,77,alocacao,714.7435950000727
600,77,escrita,1828.7795020000885
600,77,leitura,5052.919392000149
600,77,liberacao,57.03869899980418
600,78,alocacao,705.0100050000765
600,78,escrita,1810.767073000079
600,78,leitura,5138.418310999896
600,78,liberacao,67.40917199977048
600,79,alocacao,701.6940020002949
600,79,escrita,1796.7205130003094
600,79,leitura,5041.914834999716
600,79,liberacao,55.4364159997931
600,80,alocacao,608.7746240000342
600,80,escrita,1807.928658000037
600,80,leitura,5074.889393999911
600,80,liberacao,53.131184999983816
600,81,alocacao,729.6542630001568
600,81,escrita,1816.0115209998366
600,81,leitura,5077.4347970000235
600,81,liberacao,68.0766880000192
600,82,alocacao,699.5489560003989
600,82,escrita,1796.9125509998776
600,82,leitura,5092.072580000149
600,82,liberacao,68.57994400024836
600,83,alocacao,717.4504940003317
600,83,escrita,1769.6053780000511
600,83,leitura,4940.424642999915
600,83,liberacao,65.58708900001875
600,84,alocacao,706.2454360002448
600,84,escrita,1792.3875989999942
600,84,leitura,5062.154108999948
600,84,liberacao,53.71827699991627
600,85,alocacao,725.1936919997206
600,85,escrita,1693.9083059996847
600,85,leitura,5244.912941000166
600,85,liberacao,59.06204399980197
600,86,alocacao,706.7908919998445
600,86,escrita,1773.189882999759
600,86,leitura,5159.667036999963
600,86,liberacao,65.331225999671
600,87,alocacao,691.2728529996457
600,87,escrita,1803.2979579998027
600,87,leitura,5078.975314999752
600,87,liberacao,67.91634299997895
600,88,alocacao,736.4148609999575
600,88,escrita,1816.2274549999893
600,88,leitura,5169.701299999815
600,88,liberacao,56.83970900008717
600,89,alocacao,741.0096619996693
600,89,escrita,1812.1749020001516
600,89,leitura,5311.022630000025
600,89,liberacao,60.205995999695006
600,90,alocacao,733.4654450000926
600,90,escrita,1867.8894689996923
600,90,leitura,5096.209714999986
600,90,liberacao,68.03037600002426
600,91,alocacao,705.6429889998981
600,91,escrita,1843.7814389999403
600,91,leitura,5205.15677100002
600,91,liberacao,64.11245299977963
600,92,alocacao,715.5680189998748
600,92,escrita,1800.62569599977
600,92,leitura,5358.017784999902
600,92,liberacao,55.70774900024844
600,93,alocacao,724.1351380002925
600,93,escrita,1848.891354999978
600,93,leitura,5147.834160000002
600,93,liberacao,67.98248099994453
600,94,alocacao,702.8301139998803
600,94,escrita,1789.8748409998007
600,94,leitura,5074.494549000065
600,94,liberacao,58.740052999837644
600,95,alocacao,578.0396879999898
600,95,escrita,1730.986899999607
600,95,leitura,5081.949156000064
600,95,liberacao,63.784809000026144
600,96,alocacao,707.8649640002368
600,96,escrita,1807.0155720001821
600,96,leitura,4771.648184999776
600,96,liberacao,27.493135999975493
600,97,alocacao,663.4480730003816
600,97,escrita,1779.00376100024
600,97,leitura,5347.401988999991
600,97,liberacao,60.537140000178624
600,98,alocacao,727.1910190002018
600,98,escrita,1808.7540419996913
600,98,leitura,5079.090127999734
600,98,liberacao,60.30721400020411
600,99,alocacao,673.3370540000578
600,99,escrita,1745.716811999955
600,99,leitura,5092.161327000213
600,99,liberacao,66.30593099998805
600,100,alocacao,707.3381390000577
600,100,escrita,1815.5527230001098
600,100,leitura,4873.72478799989
600,100,liberacao,76.19666500022504
700,1,alocacao,876.5636580001228
700,1,escrita,4553.452103999916
700,1,leitura,5520.610545000181
700,1,liberacao,29.367309999997815
700,2,alocacao,850.4487320001317
700,2,escrita,1982.1965959999943
700,2,leitura,5846.017672000016
700,2,liberacao,78.70800199998484
700,3,alocacao,831.8657270001495
700,3,escrita,2118.168441999842
700,3,leitura,5821.200328000032
700,3,liberacao,62.52918700010923
700,4,alocacao,844.3206609999834
700,4,escrita,1936.3272260002304
700,4,leitura,6002.513145999728
700,4,liberacao,65.11297900033242
700,5,alocacao,847.4325219999628
700,5,escrita,2317.090336000092
700,5,leitura,5647.461913999905
700,5,liberacao,82.50561799968636
700,6,alocacao,838.6985150000328
700,6,escrita,2104.3217419996836
700,6,leitura,6024.544189999688
700,6,liberacao,71.61305199997514
700,7,alocacao,849.889014999917
700,7,escrita,2125.3368799998498
700,7,leitura,5974.510366000231
700,7,liberacao,63.16569199998412
700,8,alocacao,854.8547479999797
700,8,escrita,2128.707509000378
700,8,leitura,5926.611921000131
700,8,liberacao,77.23686400004226
700,9,alocacao,829.0786930001559
700,9,escrita,2049.7942160000093
700,9,leitura,6069.674827000199
700,9,liberacao,62.89304700021603
700,10,alocacao,837.0598430001337
700,10,escrita,2106.626586999937
700,10,leitura,5985.011155999928
700,10,liberacao,80.3621469999598
700,11,alocacao,860.5670269998882
700,11,escrita,2130.3787339998053
700,11,leitura,5956.726666000122
700,11,liberacao,81.46429600037663
700,12,alocacao,831.6615449998608
700,12,escrita,2100.7844969999496
700,12,leitura,5853.853393999998
700,12,liberacao,57.04388399999516
700,13,alocacao,828.5018339997805
700,13,escrita,2093.000571000175
700,13,leitura,5753.923255000245
700,13,liberacao,77.50854799996887
700,14,alocacao,844.9283579998337
700,14,escrita,2116.1498129999927
700,14,leitura,5899.49324600002
700,14,liberacao,70.22330400013743
700,15,alocacao,849.2995080000583
700,15,escrita,2262.063130000115
700,15,leitura,5995.417372000247
700,15,liberacao,65.68291400026283
700,16,alocacao,829.7906669999975
700,16,escrita,2190.236045000347
700,16,leitura,5933.398361999934
700,16,liberacao,66.46028900013334
700,17,alocacao,866.9721249998474
700,17,escrita,2217.585827000221
700,17,leitura,6186.814194999897
700,17,liberacao,79.26843899986125
700,18,alocacao,708.9396279998255
700,18,escrita,1971.075945999928
700,18,leitura,5830.879887999799
700,18,liberacao,64.01303699976779
700,19,alocacao,853.2590680001704
700,19,escrita,2109.3418079999537
700,19,leitura,5928.423415999987
700,19,liberacao,73.91196900016439
700,20,alocacao,840.8641930000158
700,20,escrita,2044.4070630001079
700,20,leitura,5912.825510999937
700,20,liberacao,72.06441100015581
700,21,alocacao,855.2337289997922
700,21,escrita,2109.838249999939
700,21,leitura,5933.982773000025
700,21,liberacao,76.49884400007068
700,22,alocacao,819.6666059998279
700,22,escrita,2089.758737000011
700,22,leitura,5972.661367000001
700,22,liberacao,103.29112099998383
700,23,alocacao,793.8593170001695
700,23,escrita,2116.2268169996423
700,23,leitura,6047.411045999979
700,23,liberacao,77.52739099987593
700,24,alocacao,820.3375660000347
700,24,escrita,2087.0363089998136
700,24,leitura,5967.820718999974
700,24,liberacao,77.67327200008367
700,25,alocacao,753.8433730001088
700,25,escrita,2099.125675000323
700,25,leitura,5803.688437999881
700,25,liberacao,77.7958009998656
700,26,alocacao,835.6228809998356
700,26,escrita,2030.3844700001719
700,26,leitura,5742.778677999922
700,26,liberacao,76.32667400002902
700,27,alocacao,895.6275030000143
700,27,escrita,2145.0113770001735
700,27,leitura,5616.628729999775
700,27,liberacao,82.54863100000875
700,28,alocacao,828.4881899999164
700,28,escrita,2186.5542830000777
700,28,leitura,5994.817173000229
700,28,liberacao,71.40862799997194
700,29,alocacao,846.5226210000765
700,29,escrita,2139.6589839996523
700,29,leitura,6041.481637000288
700,29,liberacao,78.50143699988621
700,30,alocacao,833.1203679999817
700,30,escrita,2163.5760140002276
700,30,leitura,5898.229208999965
700,30,liberacao,84.77868599993599
700,31,alocacao,842.1958880003331
700,31,escrita,2319.7940329996527
700,31,leitura,6130.622671999845
700,31,liberacao,63.87204800012114
700,32,alocacao,843.683134999992
700,32,escrita,2126.526603000002
700,32,leitura,5886.849623999751
700,32,liberacao,66.41306299979988
700,33,alocacao,848.1270429997494
700,33,escrita,2123.59012800016
700,33,leitura,6126.904535999984
700,33,liberacao,67.19046599982903
700,34,alocacao,876.6014020002331
700,34,escrita,1898.2897700002468
700,34,leitura,5959.394475999488
700,34,liberacao,82.40911199936818
700,35,alocacao,862.8714030000992
700,35,escrita,2108.6924599994745
700,35,leitura,5886.656925000352
700,35,liberacao,60.02177799928177
700,36,alocacao,764.3164880000768
700,36,escrita,2085.0985830002173
700,36,leitura,5889.764142000786
700,36,liberacao,76.99593200050003
700,37,alocacao,879.1806669996731
700,37,escrita,2124.3346069995823
700,37,leitura,5692.916046000391
700,37,liberacao,73.36555900019448
700,38,alocacao,785.9898130000147
700,38,escrita,2285.0931539996964
700,38,leitura,5935.274946000391
700,38,liberacao,68.49654600046051
700,39,alocacao,849.5749339999747
700,39,escrita,1934.2118380000102
700,39,leitura,5851.735768000253
700,39,liberacao,75.7393960002446
700,40,alocacao,842.2875609994662
700,40,escrita,2106.725988999642
700,40,leitura,5841.68481100005
700,40,liberacao,79.82824200007599
700,41,alocacao,768.312488000447
700,41,escrita,2111.412463000306
700,41,leitura,5890.202600000521
700,41,liberacao,71.04223299938894
700,42,alocacao,852.1468939998158
700,42,escrita,2092.919630000324
700,42,leitura,5737.676667999949
700,42,liberacao,82.8045979997114
700,43,alocacao,849.5391629994629
700,43,escrita,2166.0464149999825
700,43,leitura,6123.7313830006315
700,43,liberacao,73.25354800013884
700,44,alocacao,823.1983879995823
700,44,escrita,2111.6856449998522
700,44,leitura,5844.509768000535
700,44,liberacao,36.254063000342285
700,45,alocacao,801.6261929997199
700,45,escrita,2043.2769480003117
700,45,leitura,6029.886436000197
700,45,liberacao,79.57818599970778
700,46,alocacao,826.1052739999286
700,46,escrita,2075.9577009994246
700,46,leitura,6174.252183000135
700,46,liberacao,75.5672590003087
700,47,alocacao,832.1042190000298
700,47,escrita,2161.4002380001693
700,47,leitura,6035.551521999878
700,47,liberacao,77.3020729993732
700,48,alocacao,840.3654159992584
700,48,escrita,2116.7447549996723
700,48,leitura,5742.91559699941
700,48,liberacao,81.99730500018632
700,49,alocacao,849.7202870003093
700,49,escrita,2107.5290310000128
700,49,leitura,6089.658060000147
700,49,liberacao,67.9691860004823
700,50,alocacao,841.8245940001725
700,50,escrita,1814.8257299999386
700,50,leitura,6077.923826999722
700,50,liberacao,65.88518600074167
700,51,alocacao,874.2652709997856
700,51,escrita,2070.9538190003514
700,51,leitura,5922.726544999932
700,51,liberacao,31.855939999331895
700,52,alocacao,826.5072699996381
700,52,escrita,1956.477398000061
700,52,leitura,5749.615670999447
700,52,liberacao,75.63526700050716
700,53,alocacao,842.1073620002062
700,53,escrita,2047.9063060001863
700,53,leitura,5988.017971999398
700,53,liberacao,64.95501400058856
700,54,alocacao,831.6196499999933
700,54,escrita,1819.4533400001092
700,54,leitura,5737.871917999655
700,54,liberacao,73.62141300018266
700,55,alocacao,839.1598369998974
700,55,escrita,2101.7170020004414
700,55,leitura,6057.464027000606
700,55,liberacao,67.06666499940184
700,56,alocacao,664.0689500000008
700,56,escrita,2168.218954000622
700,56,leitura,6207.902862000083
700,56,liberacao,66.38521199965908
700,57,alocacao,853.2022150002376
700,57,escrita,2221.960070000023
700,57,leitura,6151.868136000303
700,57,liberacao,68.77850399996532
700,58,alocacao,902.4481570004355
700,58,escrita,2145.445690000088
700,58,leitura,6094.5290749996275
700,58,liberacao,76.12590600001568
700,59,alocacao,850.2035369992882
700,59,escrita,2100.375031999647
700,59,leitura,5982.135313999606
700,59,liberacao,68.92219000019395
700,60,alocacao,831.4155819998632
700,60,escrita,2268.6272430000827
700,60,leitura,5983.5944180003935
700,60,liberacao,76.2008510000669
700,61,alocacao,850.7643910006664
700,61,escrita,2189.53010200039
700,61,leitura,5920.397984000374
700,61,liberacao,64.71189900003083
700,62,alocacao,830.7963500001279
700,62,escrita,2091.1731380001584
700,62,leitura,5902.276712999992
700,62,liberacao,65.38177099992026
700,63,alocacao,847.9690300000584
700,63,escrita,2152.335568000126
700,63,leitura,5870.7885849999
700,63,liberacao,70.40804600001138
700,64,alocacao,890.7176319999053
700,64,escrita,2169.6412000001146
700,64,leitura,6399.196318000577
700,64,liberacao,71.78366400057712
700,65,alocacao,861.841858999469
700,65,escrita,2218.7798320001093
700,65,leitura,6244.8438400006125
700,65,liberacao,69.8365959997318
700,66,alocacao,885.9585079999306
700,66,escrita,2142.4370349996025
700,66,leitura,6003.832727999907
700,66,liberacao,67.72203900072782
700,67,alocacao,883.9007309998124
700,67,escrita,2188.1073880003896
700,67,leitura,6101.198862999809
700,67,liberacao,78.77000200005568
700,68,alocacao,847.0979020003142
700,68,escrita,2076.1657080001896
700,68,leitura,6265.086459000486
700,68,liberacao,78.79324000077759
700,69,alocacao,854.4158729991977
700,69,escrita,2134.288086000197
700,69,leitura,6047.000773999571
700,69,liberacao,77.75779300027352
700,70,alocacao,768.9035379999041
700,70,escrita,2067.4189729998034
700,70,leitura,5880.603706999864
700,70,liberacao,75.3944070002035
700,71,alocacao,832.2119280001061
700,71,escrita,2126.1795849995906
700,71,leitura,5889.302471000519
700,71,liberacao,68.31016300020565
700,72,alocacao,843.6830499995267
700,72,escrita,2119.1522530007205
700,72,leitura,5844.458520999979
700,72,liberacao,81.35035899977083
700,73,alocacao,841.7780660001881
700,73,escrita,2098.8081839996084
700,73,leitura,6117.969427999924
700,73,liberacao,76.45792799939954
700,74,alocacao,853.9253960007045
700,74,escrita,2110.686834000262
700,74,leitura,5893.77945599972
700,74,liberacao,66.56410000050528
700,75,alocacao,830.7546289997845
700,75,escrita,2129.7530779993394
700,75,leitura,5822.970657999576
700,75,liberacao,64.1689949998181
700,76,alocacao,843.0453270002545
700,76,escrita,2089.543082000091
700,76,leitura,5873.008886999742
700,76,liberacao,76.97806699979992
700,77,alocacao,884.4642419999218
700,77,escrita,2114.0078629996424
700,77,leitura,6063.646348000475
700,77,liberacao,76.581688999795
700,78,alocacao,826.096642000266
700,78,escrita,2150.535802000377
700,78,leitura,5738.858404999519
700,78,liberacao,75.51018899994233
700,79,alocacao,818.5521119994519
700,79,escrita,2061.550501999591
700,79,leitura,5784.387298999718
700,79,liberacao,72.26476000050752
700,80,alocacao,826.4997800006313
700,80,escrita,2078.6183360005452
700,80,leitura,6206.818157999805
700,80,liberacao,66.29869200060057
700,81,alocacao,865.2517299997271
700,81,escrita,1992.0140169997467
700,81,leitura,5657.822103000399
700,81,liberacao,79.95196800038684
700,82,alocacao,944.7712159999355
700,82,escrita,2172.7321460002713
700,82,leitura,6012.22276199951
700,82,liberacao,80.8330539994131
700,83,alocacao,850.0458210000943
700,83,escrita,2084.3590859994947
700,83,leitura,5984.898403999978
700,83,liberacao,63.37156900008267
700,84,alocacao,861.1937010000474
700,84,escrita,1836.493471000722
700,84,leitura,5635.708417999922
700,84,liberacao,64.37372399977903
700,85,alocacao,851.4768810000533
700,85,escrita,2143.5625459998846
700,85,leitura,6006.34369799991
700,85,liberacao,68.77593900026113
700,86,alocacao,820.1549390005312
700,86,escrita,2043.7818569998853
700,86,leitura,6172.053049999704
700,86,liberacao,75.34978599960596
700,87,alocacao,853.5937799997555
700,87,escrita,2162.265945999934
700,87,leitura,5650.430679000237
700,87,liberacao,74.37670800027263
700,88,alocacao,846.3229500002853
700,88,escrita,2131.622206999964
700,88,leitura,5982.523317999949
700,88,liberacao,74.89874000020791
700,89,alocacao,841.7248519999703
700,89,escrita,2078.91994900001
700,89,leitura,5890.880246000052
700,89,liberacao,76.15635699949053
700,90,alocacao,727.7988850000838
700,90,escrita,1948.0061510002997
700,90,leitura,5884.643629000493
700,90,liberacao,66.2052779998703
700,91,alocacao,993.1824479999705
700,91,escrita,2074.057563999304
700,91,leitura,5703.985377999743
700,91,liberacao,55.123169000580674
700,92,alocacao,843.3755729993209
700,92,escrita,2070.3387639996436
700,92,leitura,5720.240869000008
700,92,liberacao,81.72139999987849
700,93,alocacao,808.3418210007949
700,93,escrita,1965.7286040001054
700,93,leitura,5965.62033400005
700,93,liberacao,77.58764699974563
700,94,alocacao,877.1347780002543
700,94,escrita,2154.2466419996344
700,94,leitura,6026.7113250001785
700,94,liberacao,61.897480999505206
700,95,alocacao,811.8399160002809
700,95,escrita,2039.364635000311
700,95,leitura,6197.246670999448
700,95,liberacao,61.655306999455206
700,96,alocacao,846.1908340004811
700,96,escrita,2130.6655590005903
700,96,leitura,5743.705570999737
700,96,liberacao,59.76967500009778
700,97,alocacao,852.7537359996131
700,97,escrita,2102.183990999947
700,97,leitura,5922.972704000131
700,97,liberacao,76.61530800032779
700,98,alocacao,853.6709859999974
700,98,escrita,2267.766531000234
700,98,leitura,6044.10200700022
700,98,liberacao,77.13575000070705
700,99,alocacao,836.1587119998148
700,99,escrita,2133.627014999547
700,99,leitura,5865.062488000149
700,99,liberacao,75.41443599984632
700,100,alocacao,934.3297089999396
700,100,escrita,2090.695797999615
700,100,leitura,6053.056736000144
700,100,liberacao,75.25592799993319
800,1,alocacao,871.3951370000359
800,1,escrita,4660.663509999722
800,1,leitura,6760.937756000203
800,1,liberacao,82.0758180007033
800,2,alocacao,931.3911230001395
800,2,escrita,2392.7847559998554
800,2,leitura,6932.70048300019
800,2,liberacao,86.99521299968183
800,3,alocacao,918.0346610000925
800,3,escrita,2329.124182000669
800,3,leitura,7299.619536000137
800,3,liberacao,86.89180100009253
800,4,alocacao,902.8200790007759
800,4,escrita,2511.0385020007016
800,4,leitura,6746.401260000312
800,4,liberacao,81.52354300000297
800,5,alocacao,967.4459830002888
800,5,escrita,2415.002994000133
800,5,leitura,6730.1016860001255
800,5,liberacao,90.5749339999602
800,6,alocacao,965.6165590004093
800,6,escrita,2453.789539000354
800,6,leitura,6837.705438000739
800,6,liberacao,85.57222000035836
800,7,alocacao,972.3195659998964
800,7,escrita,2423.264368000673
800,7,leitura,6952.249912999832
800,7,liberacao,79.3187070003114
800,8,alocacao,893.7408270003289
800,8,escrita,2416.8427969998447
800,8,leitura,6762.412348999533
800,8,liberacao,84.1496590001043
800,9,alocacao,989.297732000523
800,9,escrita,2714.635946999806
800,9,leitura,7003.56750300034
800,9,liberacao,89.90017799987982
800,10,alocacao,971.9183860006524
800,10,escrita,2414.558931999636
800,10,leitura,6944.797328000277
800,10,liberacao,87.04096700057562
800,11,alocacao,806.3386970006832
800,11,escrita,2447.5164349996703
800,11,leitura,6874.148079000406
800,11,liberacao,77.06643199981045
800,12,alocacao,995.9137860005285
800,12,escrita,2411.191057999531
800,12,leitura,6921.005254999727
800,12,liberacao,88.42511300008482
800,13,alocacao,915.4971190000651
800,13,escrita,2377.9557319994638
800,13,leitura,6532.907222999711
800,13,liberacao,84.02135199958138
800,14,alocacao,974.567071999445
800,14,escrita,2309.2346869998437
800,14,leitura,6553.68856899986
800,14,liberacao,87.46299300037208
800,15,alocacao,1005.4616160005025
800,15,escrita,2373.756465999577
800,15,leitura,6869.997372999933
800,15,liberacao,75.60724599989044
800,16,alocacao,937.7667440003279
800,16,escrita,2625.587653000366
800,16,leitura,6834.362916999453
800,16,liberacao,72.44140300008439
800,17,alocacao,973.4235749992877
800,17,escrita,2260.753513000054
800,17,leitura,6974.287634000575
800,17,liberacao,74.47006200072792
800,18,alocacao,970.692152999618
800,18,escrita,2419.461184999818
800,18,leitura,6912.857263999285
800,18,liberacao,85.06253699943045
800,19,alocacao,946.9810079999661
800,19,escrita,2422.3115869999674
800,19,leitura,6774.654257000293
800,19,liberacao,84.23679599945899
800,20,alocacao,938.5088269991684
800,20,escrita,2437.4356890002673
800,20,leitura,7202.666883000347
800,20,liberacao,97.45102200031397
800,21,alocacao,1043.978383000649
800,21,escrita,2362.247027000194
800,21,leitura,7018.694561000302
800,21,liberacao,80.26827600042452
800,22,alocacao,952.3448899999494
800,22,escrita,2456.2825829998474
800,22,leitura,6764.673667999887
800,22,liberacao,89.10845700029313
800,23,alocacao,958.0864859999565
800,23,escrita,2450.377037999715
800,23,leitura,6926.574153000729
800,23,liberacao,88.05580999978702
800,24,alocacao,923.2649680006944
800,24,escrita,2461.493891999453
800,24,leitura,6964.932097000201
800,24,liberacao,89.0011429992228
800,25,alocacao,963.162996000392
800,25,escrita,2281.168969000646
800,25,leitura,6694.299223999224
800,25,liberacao,64.41613400056667
800,26,alocacao,873.1594730006691
800,26,escrita,2366.6816949998974
800,26,leitura,6626.495053999861
800,26,liberacao,89.06645299975935
800,27,alocacao,996.7508170002475
800,27,escrita,2470.0885000002017
800,27,leitura,6668.0771419996745
800,27,liberacao,73.3463729993673
800,28,alocacao,948.2976859999326
800,28,escrita,2395.238416000211
800,28,leitura,6477.920230999189
800,28,liberacao,86.12490199993772
800,29,alocacao,938.9717599997311
800,29,escrita,2409.2141219998666
800,29,leitura,6443.918809000024
800,29,liberacao,76.42787199984014
800,30,alocacao,954.126427999654
800,30,escrita,2397.9712390000714
800,30,leitura,6744.945544999609
800,30,liberacao,71.87379300012253
800,31,alocacao,960.1292379993538
800,31,escrita,2454.026499000065
800,31,leitura,6788.612704000116
800,31,liberacao,75.37940200018056
800,32,alocacao,1008.701672000825
800,32,escrita,2385.6696600005307
800,32,leitura,7035.125872999743
800,32,liberacao,103.95883799992589
800,33,alocacao,966.5086779996273
800,33,escrita,2426.991758999975
800,33,leitura,6749.580898000204
800,33,liberacao,71.40801700006705
800,34,alocacao,981.5853299996888
800,34,escrita,2414.3814939998265
800,34,leitura,6722.753834999821
800,34,liberacao,87.19619200019224
800,35,alocacao,942.8971119996277
800,35,escrita,2415.939556000012
800,35,leitura,6720.449745999758
800,35,liberacao,93.02065900010348
800,36,alocacao,955.7596549993832
800,36,escrita,2703.3167529998536
800,36,leitura,6654.959403000248
800,36,liberacao,81.17778599989833
800,37,alocacao,865.7086530001834
800,37,escrita,2441.41388800017
800,37,leitura,6349.863757999628
800,37,liberacao,92.52905199991801
800,38,alocacao,993.2970440004283
800,38,escrita,2294.4428370001333
800,38,leitura,6788.602112000262
800,38,liberacao,82.14614400003484
800,39,alocacao,958.0395339999086
800,39,escrita,2385.4201469994223
800,39,leitura,6836.095958999977
800,39,liberacao,87.80738200039195
800,40,alocacao,983.0061709999427
800,40,escrita,2402.048088999436
800,40,leitura,6799.754909999137
800,40,liberacao,87.39551000053325
800,41,alocacao,1042.228434000208
800,41,escrita,2406.5763729995524
800,41,leitura,6925.359084000775
800,41,liberacao,77.22189000014623
800,42,alocacao,946.3052159999279
800,42,escrita,2298.1224420000217
800,42,leitura,6635.31397800034
800,42,liberacao,73.74429399988003
800,43,alocacao,994.4865119996393
800,43,escrita,2394.710870000381
800,43,leitura,6589.6621159999995
800,43,liberacao,73.70605199957936
800,44,alocacao,996.1530800001128
800,44,escrita,2348.1560290001653
800,44,leitura,6888.810051000291
800,44,liberacao,78.43591399978322
800,45,alocacao,1020.4749670001547
800,45,escrita,2486.906889000238
800,45,leitura,6823.107120999339
800,45,liberacao,93.97731500030204
800,46,alocacao,946.9942350006022
800,46,escrita,2483.1111570001667
800,46,leitura,6873.644480000621
800,46,liberacao,88.22669999972277
800,47,alocacao,958.2866540004034
800,47,escrita,2632.836612999199
800,47,leitura,6747.319942999638
800,47,liberacao,79.4496620001155
800,48,alocacao,960.5521749999753
800,48,escrita,2443.191716999536
800,48,leitura,6850.990631000059
800,48,liberacao,73.3413500001916
800,49,alocacao,1015.2111889992739
800,49,escrita,2427.301415999864
800,49,leitura,6805.238599999939
800,49,liberacao,81.20161000078951
800,50,alocacao,1005.2651630003311
800,50,escrita,2420.1445600001534
800,50,leitura,6757.9438270004175
800,50,liberacao,74.60643800004618
800,51,alocacao,975.4567509999106
800,51,escrita,2477.4117510005453
800,51,leitura,6845.429430999502
800,51,liberacao,72.41509599953133
800,52,alocacao,798.2849339996392
800,52,escrita,2411.007939999763
800,52,leitura,6845.152498999596
800,52,liberacao,91.16572999937489
800,53,alocacao,942.9976609999358
800,53,escrita,2469.8773119998805
800,53,leitura,6796.2971189999735
800,53,liberacao,90.25819799990131
800,54,alocacao,936.925911999424
800,54,escrita,2424.7309339998537
800,54,leitura,6804.229223999755
800,54,liberacao,93.59776000019338
800,55,alocacao,979.6502159997544
800,55,escrita,2432.063178000135
800,55,leitura,6858.606837999105
800,55,liberacao,71.40204799998173
800,56,alocacao,976.349102000313
800,56,escrita,2450.1696059996902
800,56,leitura,6856.729861000531
800,56,liberacao,85.81517099992197
800,57,alocacao,843.517860999782
800,57,escrita,2452.018453999699
800,57,leitura,6867.038325000067
800,57,liberacao,70.86104399968463
800,58,alocacao,974.1892349993577
800,58,escrita,2609.7288560004017
800,58,leitura,6760.970012999678
800,58,liberacao,89.60784499959118
800,59,alocacao,929.1473270004644
800,59,escrita,2403.272365999328
800,59,leitura,6446.118903000752
800,59,liberacao,87.56680700025754
800,60,alocacao,972.8608530003839
800,60,escrita,2421.576740999626
800,60,leitura,6731.537996000043
800,60,liberacao,71.67823000054341
800,61,alocacao,964.3469190004907
800,61,escrita,2417.2278770001867
800,61,leitura,6744.679731999895
800,61,liberacao,87.55747099985456
800,62,alocacao,926.4813999998296
800,62,escrita,2413.8370860000578
800,62,leitura,6991.175745999499
800,62,liberacao,76.72125099998084
800,63,alocacao,957.371076000527
800,63,escrita,2406.2548330002755
800,63,leitura,6747.205431999646
800,63,liberacao,75.67157500034227
800,64,alocacao,938.7348189993645
800,64,escrita,2461.363938999966
800,64,leitura,6811.798241999895
800,64,liberacao,85.13402999960817
800,65,alocacao,952.3173799998403
800,65,escrita,2455.432693000148
800,65,leitura,6724.52449299999
800,65,liberacao,86.7110640001556
800,66,alocacao,916.1882239995975
800,66,escrita,2481.3078859997404
800,66,leitura,6909.69201200005
800,66,liberacao,86.81779499966069
800,67,alocacao,1004.2997760001526
800,67,escrita,2518.637461000253
800,67,leitura,6919.176525999319
800,67,liberacao,72.80530299976817
800,68,alocacao,999.4428280006105
800,68,escrita,2394.7112340001695
800,68,leitura,6885.590728000352
800,68,liberacao,75.33922699985851
800,69,alocacao,856.8667899999127
800,69,escrita,2409.678596000049
800,69,leitura,7200.700391000282
800,69,liberacao,90.356112000336
800,70,alocacao,944.1118579998147
800,70,escrita,2358.709634000661
800,70,leitura,6955.879520999588
800,70,liberacao,86.35408800000732
800,71,alocacao,974.7164300006261
800,71,escrita,2477.7268400002868
800,71,leitura,6861.809839000671
800,71,liberacao,83.40405000035389
800,72,alocacao,952.5795440004003
800,72,escrita,2503.4226409998155
800,72,leitura,6787.457186000211
800,72,liberacao,80.55295099984505
800,73,alocacao,965.5375649999769
800,73,escrita,2442.249081999762
800,73,leitura,6607.291198999519
800,73,liberacao,70.80738399963593
800,74,alocacao,921.2008269996659
800,74,escrita,2472.6988880001954
800,74,leitura,6681.394035000267
800,74,liberacao,79.47664099992835
800,75,alocacao,926.5128299994103
800,75,escrita,2424.9283299996023
800,75,leitura,6789.889042999675
800,75,liberacao,86.49795899964374
800,76,alocacao,939.0637369997421
800,76,escrita,2354.8399580004116
800,76,leitura,6923.66199099979
800,76,liberacao,87.1791409999787
800,77,alocacao,1010.6742170000871
800,77,escrita,2312.102030999995
800,77,leitura,6901.227474000734
800,77,liberacao,78.17820099990058
800,78,alocacao,970.3710350004258
800,78,escrita,2414.496782000242
800,78,leitura,6776.590465000481
800,78,liberacao,70.21690300007322
800,79,alocacao,1020.4154160001053
800,79,escrita,2483.036616999925
800,79,leitura,6948.284649000016
800,79,liberacao,90.33960300075705
800,80,alocacao,979.7795840004255
800,80,escrita,2408.31652199995
800,80,leitura,6776.239273999636
800,80,liberacao,88.16775900049834
800,81,alocacao,978.3939859999009
800,81,escrita,2489.2976879991693
800,81,leitura,6837.1919649998745
800,81,liberacao,80.34669300013775
800,82,alocacao,960.9277379995547
800,82,escrita,2544.3165780006893
800,82,leitura,7168.174563000321
800,82,liberacao,85.94198999981018
800,83,alocacao,935.1306130001831
800,83,escrita,2525.133434000054
800,83,leitura,7104.691289999209
800,83,liberacao,85.36133200050244
800,84,alocacao,967.2798829997191
800,84,escrita,2387.106185000448
800,84,leitura,7044.392204999895
800,84,liberacao,89.58544000051916
800,85,alocacao,936.7837039999358
800,85,escrita,2363.8039509996815
800,85,leitura,7134.713483000269
800,85,liberacao,85.9160290001455
800,86,alocacao,970.1653900001475
800,86,escrita,2443.6996729991733
800,86,leitura,6616.318830000637
800,86,liberacao,51.552003000324476
800,87,alocacao,955.0810199998523
800,87,escrita,2417.1461720006846
800,87,leitura,6842.567648999648
800,87,liberacao,84.92630499949883
800,88,alocacao,970.1208539991057
800,88,escrita,2474.4788549996883
800,88,leitura,6909.713142999863
800,88,liberacao,76.90549699964322
800,89,alocacao,956.7507390001992
800,89,escrita,2363.7229759997354
800,89,leitura,6745.521699999699
800,89,liberacao,93.70759399917006
800,90,alocacao,858.0877819995294
800,90,escrita,2465.36813000057
800,90,leitura,6834.772510000221
800,90,liberacao,80.95783899989328
800,91,alocacao,993.3052549995409
800,91,escrita,2719.7176390000095
800,91,leitura,6854.484491999756
800,91,liberacao,76.11347800047952
800,92,alocacao,994.8108290000164
800,92,escrita,2099.9931989999823
800,92,leitura,6834.164435000275
800,92,liberacao,83.16969299994525
800,93,alocacao,968.3504559998255
800,93,escrita,2324.9537540004894
800,93,leitura,6932.122692999656
800,93,liberacao,75.492359999771
800,94,alocacao,981.9714989998829
800,94,escrita,2388.308194000274
800,94,leitura,6843.618826000238
800,94,liberacao,73.62701500005642
800,95,alocacao,946.5523930002746
800,95,escrita,2340.8740599998055
800,95,leitura,6697.14911400024
800,95,liberacao,85.37116299976333
800,96,alocacao,989.5173960003376
800,96,escrita,2318.595433000155
800,96,leitura,6951.3329920000615
800,96,liberacao,89.25191300022561
800,97,alocacao,890.5180960000507
800,97,escrita,2348.3301750002283
800,97,leitura,6621.067936000145
800,97,liberacao,83.75708499988832
800,98,alocacao,949.1338170000745
800,98,escrita,2416.6470430000118
800,98,leitura,6817.14613099939
800,98,liberacao,92.91745799964701
800,99,alocacao,934.2891589994906
800,99,escrita,2199.572311999873
800,99,leitura,6829.261473999395
800,99,liberacao,86.49124299972755
800,100,alocacao,931.4516209997237
800,100,escrita,2453.5468089998176
800,100,leitura,6848.195853000107
800,100,liberacao,87.28298699952575
900,1,alocacao,1072.1144290000666
900,1,escrita,4915.6280040006095
900,1,leitura,7830.563759000142
900,1,liberacao,88.20752300016466
900,2,alocacao,1141.2964320006722
900,2,escrita,3304.562256999816
900,2,leitura,8041.673653000544
900,2,liberacao,101.0834970002179
900,3,alocacao,1185.2217270006804
900,3,escrita,2882.2167819998867
900,3,leitura,7810.904710000614
900,3,liberacao,90.85840899933828
900,4,alocacao,1086.833724999451
900,4,escrita,2895.1722729998437
900,4,leitura,7606.594622000557
900,4,liberacao,107.27518299972871
900,5,alocacao,1175.0340120006513
900,5,escrita,2914.2054550002285
900,5,leitura,7718.344556999909
900,5,liberacao,88.32436600005167
900,6,alocacao,1150.9513629998764
900,6,escrita,2858.079245999761
900,6,leitura,7270.536664999781
900,6,liberacao,94.47166999962064
900,7,alocacao,1163.9401080001335
900,7,escrita,2931.8155549999574
900,7,leitura,7773.743941000248
900,7,liberacao,101.1049369999455
900,8,alocacao,1197.2547350005698
900,8,escrita,2884.8381099996914
900,8,leitura,7697.805019999578
900,8,liberacao,100.19480499977362
900,9,alocacao,1142.0003439998254
900,9,escrita,2880.8515589998933
900,9,leitura,7498.5847560001275
900,9,liberacao,82.73515099972428
900,10,alocacao,962.6219190004122
900,10,escrita,2880.0640620002014
900,10,leitura,7667.964901999767
900,10,liberacao,83.23649300018587
900,11,alocacao,1155.6096739996065
900,11,escrita,2868.434132999937
900,11,leitura,8098.284003999652
900,11,liberacao,106.84989800029143
900,12,alocacao,1176.8920619997516
900,12,escrita,2899.760102000073
900,12,leitura,7901.061430000482
900,12,liberacao,112.42092000065895
900,13,alocacao,1212.0544569997946
900,13,escrita,2935.507277999932
900,13,leitura,7491.583575000732
900,13,liberacao,100.1533290000225
900,14,alocacao,1128.0299910004032
900,14,escrita,2881.983196000874
900,14,leitura,7756.799327999943
900,14,liberacao,104.66386000007333
900,15,alocacao,1187.5987280000118
900,15,escrita,2691.295593999712
900,15,leitura,7267.540309000651
900,15,liberacao,88.20330900016415
900,16,alocacao,1148.3686629999283
900,16,escrita,2776.8437699996866
900,16,leitura,7522.312441999929
900,16,liberacao,112.0045219995518
900,17,alocacao,1145.3574259994639
900,17,escrita,2752.091319000101
900,17,leitura,7616.318585000045
900,17,liberacao,86.31252699979086
900,18,alocacao,1211.7870940001012
900,18,escrita,2820.990083000652
900,18,leitura,7743.539172000055
900,18,liberacao,80.98771999993915
900,19,alocacao,1151.1333479993482
900,19,escrita,2868.7923389998105
900,19,leitura,7649.2585490004785
900,19,liberacao,102.27278899947123
900,20,alocacao,1159.3935990003956
900,20,escrita,2846.757174999766
900,20,leitura,7727.945745999932
900,20,liberacao,102.52695999952266
900,21,alocacao,1116.738140999587
900,21,escrita,2884.6982240002035
900,21,leitura,7796.788935999757
900,21,liberacao,125.76752099994337
900,22,alocacao,1135.7511790001809
900,22,escrita,2632.071695000377
900,22,leitura,7973.132803000226
900,22,liberacao,104.1789949995291
900,23,alocacao,1158.7319720001688
900,23,escrita,3029.549159000453
900,23,leitura,7749.435751999954
900,23,liberacao,90.58798099977139
900,24,alocacao,1161.9510749997062
900,24,escrita,2857.724304999465
900,24,leitura,7829.034112000045
900,24,liberacao,92.55667700017511
900,25,alocacao,1198.9385910001147
900,25,escrita,2798.3336639999834
900,25,leitura,7860.587409999425
900,25,liberacao,93.56007399946975
900,26,alocacao,1132.4832340005742
900,26,escrita,2832.1197310006028
900,26,leitura,7255.6098730001395
900,26,liberacao,54.287218999888864
900,27,alocacao,1067.3795009997775
900,27,escrita,2829.8747580001873
900,27,leitura,7595.778610999332
900,27,liberacao,86.95997199993144
900,28,alocacao,1138.8977599999635
900,28,escrita,2913.5799410005347
900,28,leitura,7745.251077999455
900,28,liberacao,88.54924000024766
900,29,alocacao,1166.5960780001114
900,29,escrita,2831.937236000158
900,29,leitura,7702.297651999288
900,29,liberacao,99.93198699976347
900,30,alocacao,1127.4272740001834
900,30,escrita,2815.542227000151
900,30,leitura,7649.7975639995275
900,30,liberacao,95.9752610006035
900,31,alocacao,1147.7700870000263
900,31,escrita,3250.745958999687
900,31,leitura,7859.833894000076
900,31,liberacao,100.3024709998499
900,32,alocacao,1190.9684880001805
900,32,escrita,3041.18175900021
900,32,leitura,8278.982852999434
900,32,liberacao,89.8307110001042
900,33,alocacao,1127.135114000339
900,33,escrita,3024.8900149999827
900,33,leitura,8003.159503000461
900,33,liberacao,94.71309200034739
900,34,alocacao,1187.0052280000891
900,34,escrita,2814.088549999724
900,34,leitura,7785.799754999971
900,34,liberacao,93.3177920005619
900,35,alocacao,1214.5915420005622
900,35,escrita,2987.234533999981
900,35,leitura,8110.683187999712
900,35,liberacao,103.23357400011446
900,36,alocacao,1229.050298000402
900,36,escrita,2743.271422000362
900,36,leitura,7687.515534999875
900,36,liberacao,99.5367030000125
900,37,alocacao,1444.4447949999812
900,37,escrita,2901.1549529996046
900,37,leitura,7550.778877000084
900,37,liberacao,104.03476099963882
900,38,alocacao,1134.8833019992526
900,38,escrita,3118.5146600000735
900,38,leitura,7943.311985000037
900,38,liberacao,95.29554399978224
900,39,alocacao,1391.3888559991392
900,39,escrita,2747.105823000311
900,39,leitura,7800.187549999464
900,39,liberacao,98.45430099994701
900,40,alocacao,1208.2573870002307
900,40,escrita,2923.9164579994394
900,40,leitura,7775.005597999552
900,40,liberacao,91.76008500071475
900,41,alocacao,1130.295943999954
900,41,escrita,2924.606507000135
900,41,leitura,7685.509839000588
900,41,liberacao,97.03695400003198
900,42,alocacao,1195.6937729992205
900,42,escrita,2891.351567000129
900,42,leitura,7712.264712999968
900,42,liberacao,83.95612100048311
900,43,alocacao,1065.8710030002112
900,43,escrita,2977.786653000294
900,43,leitura,7891.091552999569
900,43,liberacao,95.65037700031098
900,44,alocacao,1184.791146999487
900,44,escrita,2866.044663000139
900,44,leitura,7910.610787000223
900,44,liberacao,100.04805800053873
900,45,alocacao,1222.263163000207
900,45,escrita,2906.3154220002616
900,45,leitura,7858.315614000276
900,45,liberacao,95.50943900012498
900,46,alocacao,1146.2337800003297
900,46,escrita,2815.0130529993476
900,46,leitura,7340.222513000299
900,46,liberacao,107.19552699993073
900,47,alocacao,1178.2699890000004
900,47,escrita,2857.0422180000605
900,47,leitura,7662.176101000114
900,47,liberacao,75.92757000020356
900,48,alocacao,1165.9511100006057
900,48,escrita,2916.841917000056
900,48,leitura,8165.514868000173
900,48,liberacao,111.24464799922862
900,49,alocacao,1145.155584999884
900,49,escrita,2865.1281390002623
900,49,leitura,7638.0130259994985
900,49,liberacao,92.99637699950836
900,50,alocacao,1209.889003999706
900,50,escrita,3007.059720000143
900,50,leitura,7851.230139999643
900,50,liberacao,83.5753739993379
900,51,alocacao,1146.6863980003836
900,51,escrita,2913.877115000105
900,51,leitura,7841.579728000397
900,51,liberacao,101.49753499990766
900,52,alocacao,1174.2556360004528
900,52,escrita,2894.3453379997663
900,52,leitura,8038.48141599974
900,52,liberacao,111.56901600043057
900,53,alocacao,1184.591016000013
900,53,escrita,2768.887829999585
900,53,leitura,7635.647199000232
900,53,liberacao,98.16118000071583
900,54,alocacao,1163.4724259993163
900,54,escrita,2875.1514450004834
900,54,leitura,7668.474534000779
900,54,liberacao,81.6186040001412
900,55,alocacao,1167.31333000007
900,55,escrita,2845.3471490001903
900,55,leitura,7845.952003999628
900,55,liberacao,84.83423599955131
900,56,alocacao,1139.7871480003232
900,56,escrita,2883.7744140000723
900,56,leitura,7452.268758000173
900,56,liberacao,74.79828800023824
900,57,alocacao,1172.3532709993378
900,57,escrita,2805.663760000243
900,57,leitura,7882.239573999868
900,57,liberacao,90.15510700010054
900,58,alocacao,1116.9891210001879
900,58,escrita,3194.971787999748
900,58,leitura,7373.991919000218
900,58,liberacao,103.53248100000201
900,59,alocacao,1076.082213000518
900,59,escrita,2858.6662449997675
900,59,leitura,7911.482889999206
900,59,liberacao,96.38166199965781
900,60,alocacao,1197.4064120004186
900,60,escrita,2907.037639000009
900,60,leitura,7720.058943000367
900,60,liberacao,87.53365900065546
900,61,alocacao,1149.9481170003492
900,61,escrita,2670.337802999711
900,61,leitura,7742.894225000782
900,61,liberacao,105.58910199961247
900,62,alocacao,1040.0316499999462
900,62,escrita,3151.605515000483
900,62,leitura,7762.230354000167
900,62,liberacao,122.44138100049895
900,63,alocacao,1289.2973200005144
900,63,escrita,3127.6423099998283
900,63,leitura,7929.851652000252
900,63,liberacao,87.60180799981754
900,64,alocacao,949.2852419998599
900,64,escrita,2583.987354999408
900,64,leitura,7655.406865000259
900,64,liberacao,105.0680200005445
900,65,alocacao,1143.7933919996794
900,65,escrita,2719.8840539995217
900,65,leitura,7800.983257000553
900,65,liberacao,95.05718700074794
900,66,alocacao,1148.9039819998652
900,66,escrita,2885.846589999346
900,66,leitura,7652.781603000221
900,66,liberacao,96.21812299974408
900,67,alocacao,1153.3599029999095
900,67,escrita,2874.518332999287
900,67,leitura,7737.441755999498
900,67,liberacao,88.40491499995551
900,68,alocacao,1382.558037000308
900,68,escrita,2779.564524000307
900,68,leitura,7912.103811000634
900,68,liberacao,90.74512999995932
900,69,alocacao,1077.4939230004748
900,69,escrita,2774.5166539998536
900,69,leitura,7454.416128000048
900,69,liberacao,55.77259299934667
900,70,alocacao,1129.3930279998676
900,70,escrita,2878.718597000443
900,70,leitura,7722.560805999819
900,70,liberacao,110.82000300029904
900,71,alocacao,857.7988619999815
900,71,escrita,2865.1653879996957
900,71,leitura,7716.424140000527
900,71,liberacao,104.33549899971695
900,72,alocacao,1132.3765429997366
900,72,escrita,2914.804854999602
900,72,leitura,7902.806936999696
900,72,liberacao,94.98421399985091
900,73,alocacao,1140.7504260005226
900,73,escrita,2883.9625560003697
900,73,leitura,8009.111213999859
900,73,liberacao,91.29402399958053
900,74,alocacao,1168.789958999696
900,74,escrita,2856.7510259999835
900,74,leitura,7804.466257999593
900,74,liberacao,102.06750700035627
900,75,alocacao,1121.8975629999477
900,75,escrita,2959.6075079998627
900,75,leitura,7669.33599999993
900,75,liberacao,86.94924600058584
900,76,alocacao,1143.565430000308
900,76,escrita,2848.652656000013
900,76,leitura,7377.595258999463
900,76,liberacao,89.20151599977544
900,77,alocacao,1129.034237000269
900,77,escrita,2825.7474490001186
900,77,leitura,8062.133653999808
900,77,liberacao,106.93753600025957
900,78,alocacao,1146.07795000029
900,78,escrita,2709.1936739998346
900,78,leitura,7735.9202130000995
900,78,liberacao,82.90271099940583
900,79,alocacao,1182.290175000162
900,79,escrita,2737.708518000545
900,79,leitura,7585.36324600027
900,79,liberacao,103.16869700000098
900,80,alocacao,1165.2957619999142
900,80,escrita,2856.717521999599
900,80,leitura,7003.800234000664
900,80,liberacao,105.08655499961606
900,81,alocacao,1196.6646870005206
900,81,escrita,2884.9111029994674
900,81,leitura,7926.754162999714
900,81,liberacao,99.46000600029947
900,82,alocacao,1203.6186539999107
900,82,escrita,2733.9887939997425
900,82,leitura,7833.195887000329
900,82,liberacao,107.44844200053194
900,83,alocacao,1181.5942919993176
900,83,escrita,2943.821195000055
900,83,leitura,7893.863152999984
900,83,liberacao,90.407925999898
900,84,alocacao,1156.0848369999803
900,84,escrita,2939.8874379994595
900,84,leitura,7688.053254000806
900,84,liberacao,100.78895200058469
900,85,alocacao,1165.8839789997728
900,85,escrita,2939.0642420003132
900,85,leitura,7748.348439000438
900,85,liberacao,87.15543799917214
900,86,alocacao,1153.9035910000166
900,86,escrita,2910.215062000134
900,86,leitura,7411.625474000175
900,86,liberacao,91.47371099970769
900,87,alocacao,1128.2237239993265
900,87,escrita,2777.811199000098
900,87,leitura,7888.588579999123
900,87,liberacao,89.27800400033448
900,88,alocacao,1201.9589900000938
900,88,escrita,2848.9697659997546
900,88,leitura,7945.108400999743
900,88,liberacao,99.28344600029959
900,89,alocacao,1157.0753269998022
900,89,escrita,2853.4475579999707
900,89,leitura,7719.810966000296
900,89,liberacao,81.85028899970348
900,90,alocacao,1179.4506890000775
900,90,escrita,2830.0905489995785
900,90,leitura,7635.485110000445
900,90,liberacao,94.96860899980675
900,91,alocacao,1188.2400810000036
900,91,escrita,2561.79956699998
900,91,leitura,7516.441318000034
900,91,liberacao,85.78626000053191
900,92,alocacao,1166.9677139998385
900,92,escrita,2858.556875999966
900,92,leitura,7610.593475999849
900,92,liberacao,106.741110999792
900,93,alocacao,1161.5441900003134
900,93,escrita,2944.2548299994087
900,93,leitura,7834.532324000065
900,93,liberacao,108.72559900053602
900,94,alocacao,1144.4251630000508
900,94,escrita,2942.47288599945
900,94,leitura,7737.23172300015
900,94,liberacao,88.2821140003216
900,95,alocacao,1152.523702000508
900,95,escrita,2848.1423819994234
900,95,leitura,7714.632263999192
900,95,liberacao,89.19502199933049
900,96,alocacao,1145.5331890001617
900,96,escrita,2849.607856000148
900,96,leitura,7791.609748000155
900,96,liberacao,68.40742700023839
900,97,alocacao,1066.0215950001657
900,97,escrita,2868.717268999717
900,97,leitura,7738.922750000711
900,97,liberacao,99.3179950000922
900,98,alocacao,1148.5910210003567
900,98,escrita,2919.325623000077
900,98,leitura,7765.055587999996
900,98,liberacao,95.4070440002397
900,99,alocacao,1181.522963000134
900,99,escrita,2768.822144999831
900,99,leitura,7533.809593000115
900,99,liberacao,87.28874400003406
900,100,alocacao,1159.9945159996423
900,100,escrita,2873.9590909999606
900,100,leitura,7850.418568999885
900,100,liberacao,91.52618200005236
1000,1,alocacao,1216.281545000129
1000,1,escrita,3418.1772470001306
1000,1,leitura,8310.333741999784
1000,1,liberacao,101.42625299977226
1000,2,alocacao,1263.5361310003645
1000,2,escrita,3328.868798000258
1000,2,leitura,8660.15960599998
1000,2,liberacao,96.39220600001863
1000,3,alocacao,1259.9906110008305
1000,3,escrita,3073.8853809998545
1000,3,leitura,8713.180773999738
1000,3,liberacao,116.53476799983764
1000,4,alocacao,1248.1365409994396
1000,4,escrita,3210.3373550007746
1000,4,leitura,8613.560761999906
1000,4,liberacao,105.80608099917299
1000,5,alocacao,1259.0123380005025
1000,5,escrita,3212.303043999782
1000,5,leitura,8767.180122000354
1000,5,liberacao,110.7609370001228
1000,6,alocacao,1128.6896960000377
1000,6,escrita,3663.7662220000493
1000,6,leitura,8145.934334999765
1000,6,liberacao,110.34684400055994
1000,7,alocacao,1248.5314790001212
1000,7,escrita,3160.604905000582
1000,7,leitura,8651.821507999557
1000,7,liberacao,116.72000399994431
1000,8,alocacao,1231.982063999567
1000,8,escrita,3160.537120999834
1000,8,leitura,8549.171741000464
1000,8,liberacao,116.72906800049532
1000,9,alocacao,1273.897209000097
1000,9,escrita,3117.574804000469
1000,9,leitura,8776.968494999892
1000,9,liberacao,95.28573599982337
1000,10,alocacao,1261.488441000438
1000,10,escrita,3239.288650999697
1000,10,leitura,8403.290400000515
1000,10,liberacao,117.94416199973057
1000,11,alocacao,1252.63509800061
1000,11,escrita,3121.5953970004193
1000,11,leitura,8762.00337499995
1000,11,liberacao,101.0714909998569
1000,12,alocacao,1258.5770940004295
1000,12,escrita,3289.4137040002533
1000,12,leitura,9162.686214000132
1000,12,liberacao,119.42872899999202
1000,13,alocacao,1296.9663089997994
1000,13,escrita,3178.972619999513
1000,13,leitura,8699.98923500043
1000,13,liberacao,97.79874099967856
1000,14,alocacao,1240.0875630000883
1000,14,escrita,3233.297390000189
1000,14,leitura,8650.914856000782
1000,14,liberacao,95.54816800027766
1000,15,alocacao,1593.530350999572
1000,15,escrita,3180.531747000714
1000,15,leitura,8313.611333999688
1000,15,liberacao,107.13240099994437
1000,16,alocacao,1244.234098000561
1000,16,escrita,3152.058217000558
1000,16,leitura,8520.208912999806
1000,16,liberacao,91.95824099970196
1000,17,alocacao,1198.1509950001055
1000,17,escrita,3114.8389029995087
1000,17,leitura,8651.136964000216
1000,17,liberacao,101.21056800016959
1000,18,alocacao,1251.5417790000356
1000,18,escrita,3168.8875190002364
1000,18,leitura,8336.822559999746
1000,18,liberacao,102.41321800003789
1000,19,alocacao,1288.599116000114
1000,19,escrita,3128.923784000108
1000,19,leitura,8451.526015000127
1000,19,liberacao,93.23492100065778
1000,20,alocacao,1279.4910880002135
1000,20,escrita,3180.8519249998426
1000,20,leitura,8497.380767000323
1000,20,liberacao,98.25554599956376
1000,21,alocacao,1306.3928780002243
1000,21,escrita,3241.149620000215
1000,21,leitura,8649.905326999942
1000,21,liberacao,119.74991900024179
1000,22,alocacao,1284.5616579998023
1000,22,escrita,3182.1278759998677
1000,22,leitura,8713.060082000084
1000,22,liberacao,115.25516100027744
1000,23,alocacao,1228.5720950003451
1000,23,escrita,3216.2160650004807
1000,23,leitura,9130.806392000522
1000,23,liberacao,117.26502500005154
1000,24,alocacao,1248.786982000638
1000,24,escrita,3252.7268559997538
1000,24,leitura,8345.142934999785
1000,24,liberacao,122.5714500005779
1000,25,alocacao,1274.539817999539
1000,25,escrita,3078.326697999728
1000,25,leitura,8479.068714999812
1000,25,liberacao,113.78936500022974
1000,26,alocacao,1276.803036000274
1000,26,escrita,3183.9173649996155
1000,26,leitura,8609.5392240004
1000,26,liberacao,104.11551900051563
1000,27,alocacao,1275.449352000578
1000,27,escrita,3140.186476999588
1000,27,leitura,8315.334861000338
1000,27,liberacao,108.08719899978314
1000,28,alocacao,1241.0733690003326
1000,28,escrita,3223.3726330005084
1000,28,leitura,8639.051190999453
1000,28,liberacao,108.21326899986161
1000,29,alocacao,1267.5269230003323
1000,29,escrita,3176.071148999654
1000,29,leitura,8654.395723000562
1000,29,liberacao,120.05071900057374
1000,30,alocacao,1264.2808219998187
1000,30,escrita,3146.070236999549
1000,30,leitura,8623.602355999537
1000,30,liberacao,173.85658900002454
1000,31,alocacao,1193.897661999472
1000,31,escrita,3288.454702999843
1000,31,leitura,8560.959330000514
1000,31,liberacao,103.17819300053088
1000,32,alocacao,1267.056665000382
1000,32,escrita,3183.6068809998324
1000,32,leitura,8790.703285000745
1000,32,liberacao,98.78224099975341
1000,33,alocacao,1264.6469239998623
1000,33,escrita,3221.5981099998316
1000,33,leitura,8365.61469499975
1000,33,liberacao,74.492177999673
1000,34,alocacao,1200.6266019998293
1000,34,escrita,3151.21492399976
1000,34,leitura,8418.127275999723
1000,34,liberacao,102.96082300010312
1000,35,alocacao,1273.256957999365
1000,35,escrita,3204.203246999896
1000,35,leitura,8913.976280999123
1000,35,liberacao,107.5004619997344
1000,36,alocacao,1298.1902399997125
1000,36,escrita,3073.64497799972
1000,36,leitura,8451.320543000293
1000,36,liberacao,114.50459599927854
1000,37,alocacao,1324.0246909999769
1000,37,escrita,3222.8990940002404
1000,37,leitura,8455.130848999943
1000,37,liberacao,105.38496899971506
1000,38,alocacao,1292.9031959993154
1000,38,escrita,3200.716069000009
1000,38,leitura,8736.676950999936
1000,38,liberacao,92.13944999919477
1000,39,alocacao,1339.7743969999283
1000,39,escrita,3199.019238000801
1000,39,leitura,8603.288296000756
1000,39,liberacao,123.53600200003712
1000,40,alocacao,1279.2765000003783
1000,40,escrita,3269.513146999998
1000,40,leitura,8696.688605999952
1000,40,liberacao,97.91376500015758
1000,41,alocacao,1224.2130559998259
1000,41,escrita,3590.7755769994765
1000,41,leitura,8828.47535000019
1000,41,liberacao,114.27832400022453
1000,42,alocacao,1294.4833350002227
1000,42,escrita,3267.541419999361
1000,42,leitura,8594.272506999914
1000,42,liberacao,98.00969900061318
1000,43,alocacao,1237.9808429996046
1000,43,escrita,3117.741405000743
1000,43,leitura,8537.285102999704
1000,43,liberacao,106.11342700030946
1000,44,alocacao,1286.9459769999594
1000,44,escrita,3200.3466729993306
1000,44,leitura,8357.371043000057
1000,44,liberacao,89.2617950003114
1000,45,alocacao,1261.059543000556
1000,45,escrita,3061.3526389997787
1000,45,leitura,8495.92532799943
1000,45,liberacao,105.19760199986194
1000,46,alocacao,1325.8699660000275
1000,46,escrita,3234.1538349992334
1000,46,leitura,8582.704145000207
1000,46,liberacao,96.38407300008112
1000,47,alocacao,1269.4088859998374
1000,47,escrita,3041.0997769995447
1000,47,leitura,8665.394373999334
1000,47,liberacao,103.0742030006877
1000,48,alocacao,1296.1625649995767
1000,48,escrita,3234.144383000057
1000,48,leitura,8745.278575000157
1000,48,liberacao,121.43546900006186
1000,49,alocacao,1235.7287800004997
1000,49,escrita,3217.2213559997545
1000,49,leitura,8546.453853999992
1000,49,liberacao,93.89119000024948
1000,50,alocacao,1571.913609999683
1000,50,escrita,3164.8456140001144
1000,50,leitura,8624.649605999366
1000,50,liberacao,104.78343599970685
1000,51,alocacao,1236.4053249993958
1000,51,escrita,3270.1106539998364
1000,51,leitura,8432.991800000309
1000,51,liberacao,99.05001500010258
1000,52,alocacao,1233.6888979998548
1000,52,escrita,3150.1999599995543
1000,52,leitura,8469.905074000053
1000,52,liberacao,115.43437599993922
1000,53,alocacao,1238.006349999523
1000,53,escrita,3110.5591470004583
1000,53,leitura,8523.083815000064
1000,53,liberacao,103.46097900037421
1000,54,alocacao,1260.5063479995806
1000,54,escrita,3074.143619000097
1000,54,leitura,8252.94038299944
1000,54,liberacao,95.34048100067594
1000,55,alocacao,1257.5015259999418
1000,55,escrita,3146.1978200004523
1000,55,leitura,8578.478984999492
1000,55,liberacao,96.51749699969514
1000,56,alocacao,1228.264959999251
1000,56,escrita,3150.202212000295
1000,56,leitura,8534.368341000118
1000,56,liberacao,104.92147599961754
1000,57,alocacao,1229.2875769999227
1000,57,escrita,3037.7144029998817
1000,57,leitura,8552.519453999594
1000,57,liberacao,95.3766459997496
1000,58,alocacao,1334.1656120001062
1000,58,escrita,3202.8640339995036
1000,58,leitura,9213.486239000304
1000,58,liberacao,99.12641900064045
1000,59,alocacao,1252.1913619993938
1000,59,escrita,3169.888854000419
1000,59,leitura,8445.511748999706
1000,59,liberacao,100.56072099996527
1000,60,alocacao,1325.8426530001088
1000,60,escrita,3204.8452810004164
1000,60,leitura,8631.42070000049
1000,60,liberacao,93.73412000059034
1000,61,alocacao,1273.9315500002704
1000,61,escrita,3172.965478000151
1000,61,leitura,8625.902968000446
1000,61,liberacao,113.63902500033873
1000,62,alocacao,1232.307301000219
1000,62,escrita,3230.0041629996485
1000,62,leitura,8328.862260999813
1000,62,liberacao,109.46137399969302
1000,63,alocacao,1258.3248209994053
1000,63,escrita,3191.5156039995054
1000,63,leitura,8489.796412000032
1000,63,liberacao,103.85549600050581
1000,64,alocacao,1267.8130499998588
1000,64,escrita,3103.9023590001307
1000,64,leitura,8647.431119999965
1000,64,liberacao,97.35551799985842
1000,65,alocacao,1266.3255889992797
1000,65,escrita,3221.634993000407
1000,65,leitura,8510.365879999881
1000,65,liberacao,102.92994600058591
1000,66,alocacao,1253.286997000032
1000,66,escrita,3166.3218640005653
1000,66,leitura,8631.734098999914
1000,66,liberacao,103.3605010006795
1000,67,alocacao,1275.720642000124
1000,67,escrita,3238.67095300011
1000,67,leitura,9099.28653299994
1000,67,liberacao,103.29726100007974
1000,68,alocacao,1245.7000499998685
1000,68,escrita,3142.9895979999856
1000,68,leitura,8443.649914999696
1000,68,liberacao,95.04436499992153
1000,69,alocacao,1164.1850480000357
1000,69,escrita,3242.395449000469
1000,69,leitura,8629.56271100029
1000,69,liberacao,101.5692669998316
1000,70,alocacao,1243.588995999744
1000,70,escrita,3198.8310380002076
1000,70,leitura,8379.44120100019
1000,70,liberacao,98.77335700002732
1000,71,alocacao,1312.1675259999392
1000,71,escrita,3151.67929800009
1000,71,leitura,8628.864336999868
1000,71,liberacao,98.42311899956258
1000,72,alocacao,1323.0114429998139
1000,72,escrita,3004.585338000652
1000,72,leitura,8490.2217810004
1000,72,liberacao,110.15795399998751
1000,73,alocacao,1256.9801230001758
1000,73,escrita,3162.4632889997883
1000,73,leitura,8549.980286999926
1000,73,liberacao,110.38146999999299
1000,74,alocacao,1364.59233900041
1000,74,escrita,3206.7519499996706
1000,74,leitura,8624.691017999794
1000,74,liberacao,103.65052399993147
1000,75,alocacao,1260.0653700001203
1000,75,escrita,3095.0564449995
1000,75,leitura,8539.911877999657
1000,75,liberacao,118.97199400027603
1000,76,alocacao,1322.4392560005072
1000,76,escrita,3245.64718000056
1000,76,leitura,9068.880482999703
1000,76,liberacao,114.10655599956954
1000,77,alocacao,1307.9837630002658
1000,77,escrita,3228.8661319998937
1000,77,leitura,8574.741968000126
1000,77,liberacao,115.39583099965967
1000,78,alocacao,1256.9297600002756
1000,78,escrita,3253.255395999986
1000,78,leitura,8905.608647000008
1000,78,liberacao,114.5414750008058
1000,79,alocacao,1264.5983659995181
1000,79,escrita,3130.304007000632
1000,79,leitura,8441.429791999326
1000,79,liberacao,113.93148999923142
1000,80,alocacao,1292.7302870002677
1000,80,escrita,2935.6165149993103
1000,80,leitura,8374.105799000063
1000,80,liberacao,99.00698099954752
1000,81,alocacao,1266.6377620007552
1000,81,escrita,3348.399793000681
1000,81,leitura,8457.51389599991
1000,81,liberacao,96.2062220005464
1000,82,alocacao,1279.3339150002794
1000,82,escrita,3180.586583999684
1000,82,leitura,8444.880723000097
1000,82,liberacao,101.07266100021661
1000,83,alocacao,1249.2176019995895
1000,83,escrita,3154.6892720007236
1000,83,leitura,8582.333253000797
1000,83,liberacao,96.9424879995131
1000,84,alocacao,1319.5873499998925
1000,84,escrita,3287.4971139999616
1000,84,leitura,8517.131111999333
1000,84,liberacao,105.39502299980086
1000,85,alocacao,1288.6049070002628
1000,85,escrita,3595.362742999896
1000,85,leitura,8610.440976000064
1000,85,liberacao,112.7706159995796
1000,86,alocacao,1295.8838280001146
1000,86,escrita,3208.11521899941
1000,86,leitura,8332.03681499981
1000,86,liberacao,66.94133499968302
1000,87,alocacao,1277.7171899997484
1000,87,escrita,3020.451829999729
1000,87,leitura,8504.903394999928
1000,87,liberacao,117.94906800059834
1000,88,alocacao,1161.7405320002945
1000,88,escrita,3061.8685199997344
1000,88,leitura,8138.154193999981
1000,88,liberacao,102.11283799981175
1000,89,alocacao,1242.101372000434
1000,89,escrita,3141.98892100012
1000,89,leitura,8684.033358000306
1000,89,liberacao,104.11746499994479
1000,90,alocacao,1243.474769000386
1000,90,escrita,3159.8705369997333
1000,90,leitura,8483.315357999345
1000,90,liberacao,90.16740000060963
1000,91,alocacao,1170.282510999641
1000,91,escrita,3183.745865000674
1000,91,leitura,8375.003670999831
1000,91,liberacao,103.28223799933767
1000,92,alocacao,1262.7497260000382
1000,92,escrita,3215.9053870000207
1000,92,leitura,8354.198367999743
1000,92,liberacao,102.92204999950627
1000,93,alocacao,1169.0616240002782
1000,93,escrita,3182.4729770005433
1000,93,leitura,8568.181393000486
1000,93,liberacao,119.63448999995308
1000,94,alocacao,1327.9744789997494
1000,94,escrita,3491.9894690001456
1000,94,leitura,8748.146451000139
1000,94,liberacao,98.37826999955723
1000,95,alocacao,1229.5073190007315
1000,95,escrita,3143.5763859999497
1000,95,leitura,8456.38970500022
1000,95,liberacao,94.3741430000955
1000,96,alocacao,1231.0299079999822
1000,96,escrita,3260.271281000314
1000,96,leitura,8590.221770000426
1000,96,liberacao,104.35569299988856
1000,97,alocacao,1220.7284630003414
1000,97,escrita,3226.790632999837
1000,97,leitura,8571.369459999914
1000,97,liberacao,112.35877099989011
1000,98,alocacao,1263.4603759997844
1000,98,escrita,3136.2501300000076
1000,98,leitura,8373.509780000859
1000,98,liberacao,104.30605699912121
1000,99,alocacao,1275.1170039991848
1000,99,escrita,3117.925122000088
1000,99,leitura,8516.201032000026
1000,99,liberacao,93.03092499976628
1000,100,alocacao,1241.7937959999108
1000,100,escrita,3148.2009930005006
1000,100,leitura,8592.748445000325
1000,100,liberacao,96.8959879992326
