Tamanho_MB,Repeticao,Operacao,Tempo_ms
100,1,alocacao,24.216400000113936
100,1,escrita,82.42609999979322
100,1,leitura,270.8660000007512
100,1,liberacao,7.829000000128872
100,2,alocacao,23.182599999927334
100,2,escrita,74.16009999997186
100,2,leitura,264.1677999999956
100,2,liberacao,6.936299999324547
100,3,alocacao,23.698299999523442
100,3,escrita,73.3061999999336
100,3,leitura,291.426899999351
100,3,liberacao,7.002800000009302
100,4,alocacao,29.567300000053365
100,4,escrita,85.75629999995726
100,4,leitura,258.8961000001291
100,4,liberacao,6.995800000368035
100,5,alocacao,29.298699999344535
100,5,escrita,87.26300000034826
100,5,leitura,257.25080000029266
100,5,liberacao,7.810899999640242
100,6,alocacao,29.19949999977689
100,6,escrita,85.5837999997675
100,6,leitura,255.05900000007387
100,6,liberacao,7.147499999518914
100,7,alocacao,29.04130000024452
100,7,escrita,85.89909999955125
100,7,leitura,258.9282999997522
100,7,liberacao,7.023199999821372
100,8,alocacao,29.237699999612232
100,8,escrita,87.4536999999691
100,8,leitura,266.96110000011686
100,8,liberacao,6.967299999814713
100,9,alocacao,33.76810000008845
100,9,escrita,95.14299999955256
100,9,leitura,267.38049999949
100,9,liberacao,8.618000000751636
100,10,alocacao,30.1406999997198
100,10,escrita,94.07550000014453
100,10,leitura,429.6591000002081
100,10,liberacao,11.595199999646866
100,11,alocacao,43.06929999984277
100,11,escrita,131.13389999944047
100,11,leitura,259.05579999925976
100,11,liberacao,7.383400000435358
100,12,alocacao,31.280899999728717
100,12,escrita,98.39580000061687
100,12,leitura,483.4165000002031
100,12,liberacao,9.478599999965809
100,13,alocacao,42.34040000028472
100,13,escrita,97.99420000035752
100,13,leitura,263.75760000064474
100,13,liberacao,8.849800000461983
100,14,alocacao,33.91449999980978
100,14,escrita,92.58460000000923
100,14,leitura,280.01299999959883
100,14,liberacao,7.902300000750984
100,15,alocacao,30.88969999953406
100,15,escrita,94.68730000025971
100,15,leitura,259.3133000000307
100,15,liberacao,7.055399999444489
100,16,alocacao,29.564299999947252
100,16,escrita,86.62520000052609
100,16,leitura,426.40039999969304
100,16,liberacao,7.0490999996764
100,17,alocacao,28.804399999899033
100,17,escrita,89.52810000027966
100,17,leitura,264.1098999993119
100,17,liberacao,7.278500000211352
100,18,alocacao,29.10780000001978
100,18,escrita,85.68329999980051
100,18,leitura,402.0180999996228
100,18,liberacao,8.055299999796262
100,19,alocacao,36.10659999958443
100,19,escrita,85.4325999998764
100,19,leitura,266.1411999997654
100,19,liberacao,7.121300000108022
100,20,alocacao,30.233899999984715
100,20,escrita,84.74039999964589
100,20,leitura,386.5172000005259
100,20,liberacao,44.10230000030424
100,21,alocacao,44.17449999982637
100,21,escrita,95.7819000004747
100,21,leitura,263.9132999993308
100,21,liberacao,7.610300000123971
100,22,alocacao,29.67999999964377
100,22,escrita,87.20790000006673
100,22,leitura,424.81320000024425
100,22,liberacao,12.643400000342808
100,23,alocacao,29.61440000035509
100,23,escrita,87.6830000006521
100,23,leitura,265.96000000063214
100,23,liberacao,7.411399999909918
100,24,alocacao,29.2063999995662
100,24,escrita,90.41160000015225
100,24,leitura,272.94239999991987
100,24,liberacao,7.956100000228616
100,25,alocacao,31.2063000001217
100,25,escrita,96.35079999952723
100,25,leitura,261.7295000000013
100,25,liberacao,7.229900000311318
100,26,alocacao,28.692900000351074
100,26,escrita,89.01459999924555
100,26,leitura,262.01399999990826
100,26,liberacao,7.502399999793852
100,27,alocacao,30.948999999964144
100,27,escrita,92.18990000044869
100,27,leitura,261.45159999941825
100,27,liberacao,7.5450000003911555
100,28,alocacao,29.785700000502402
100,28,escrita,90.27679999962857
100,28,leitura,254.73499999952764
100,28,liberacao,7.121799999367795
100,29,alocacao,28.767799999513954
100,29,escrita,87.22020000004704
100,29,leitura,255.8460999998715
100,29,liberacao,7.909900000413472
100,30,alocacao,19.923800000469782
100,30,escrita,72.1757000001162
100,30,leitura,260.59840000016266
100,30,liberacao,7.840899999791873
100,31,alocacao,23.430199999893375
100,31,escrita,71.50830000045971
100,31,leitura,267.46319999983825
100,31,liberacao,6.951200000003155
100,32,alocacao,23.816400000214344
100,32,escrita,71.33929999963584
100,32,leitura,263.5694999999032
100,32,liberacao,7.760899999993853
100,33,alocacao,25.61340000011114
100,33,escrita,80.26429999972606
100,33,leitura,260.1654000000053
100,33,liberacao,7.238399999550893
100,34,alocacao,29.81439999985014
100,34,escrita,86.48709999943094
100,34,leitura,257.44959999974526
100,34,liberacao,7.145700000364741
100,35,alocacao,28.78690000034112
100,35,escrita,92.7146999993056
100,35,leitura,258.174899999176
100,35,liberacao,7.079599999997299
100,36,alocacao,29.02540000013687
100,36,escrita,87.10549999977957
100,36,leitura,259.0901000003214
100,36,liberacao,7.400700000289362
100,37,alocacao,29.27319999980682
100,37,escrita,84.46849999927508
100,37,leitura,258.5564000000886
100,37,liberacao,7.300900000700494
100,38,alocacao,29.045700000096986
100,38,escrita,88.74459999969986
100,38,leitura,261.97210000009363
100,38,liberacao,7.605099999636877
100,39,alocacao,29.067100000247592
100,39,escrita,84.01959999991959
100,39,leitura,254.96410000050673
100,39,liberacao,7.068699999763339
100,40,alocacao,28.712999999697786
100,40,escrita,86.30959999936749
100,40,leitura,254.41489999957412
100,40,liberacao,8.723400000235415
100,41,alocacao,30.115200000182085
100,41,escrita,88.21330000046146
100,41,leitura,255.82149999991088
100,41,liberacao,7.027800000287243
100,42,alocacao,29.1800000004514
100,42,escrita,85.36319999984698
100,42,leitura,255.63830000010057
100,42,liberacao,6.885300000249117
100,43,alocacao,29.21489999971527
100,43,escrita,84.22580000024027
100,43,leitura,258.0705999998827
100,43,liberacao,7.154199999604316
100,44,alocacao,29.419700000289595
100,44,escrita,87.09189999990485
100,44,leitura,252.60230000003503
100,44,liberacao,7.208199999695353
100,45,alocacao,28.9308000001256
100,45,escrita,83.77160000054573
100,45,leitura,252.88290000025881
100,45,liberacao,7.334300000366056
100,46,alocacao,55.268099999921105
100,46,escrita,89.00489999996353
100,46,leitura,259.0096000003541
100,46,liberacao,7.197400000222842
100,47,alocacao,29.62870000010298
100,47,escrita,86.57600000060484
100,47,leitura,256.8380000002435
100,47,liberacao,7.230800000797899
100,48,alocacao,28.954600000361097
100,48,escrita,85.8023000000685
100,48,leitura,393.87729999998555
100,48,liberacao,7.98190000023169
100,49,alocacao,22.748700000192912
100,49,escrita,77.01910000014323
100,49,leitura,269.834699999592
100,49,liberacao,6.878399999550311
100,50,alocacao,24.01949999966746
100,50,escrita,74.68549999975949
100,50,leitura,265.48470000034285
100,50,liberacao,7.229699999697914
100,51,alocacao,23.35080000011658
100,51,escrita,74.35679999980493
100,51,leitura,268.4446000002936
100,51,liberacao,7.067300000016985
100,52,alocacao,29.21660000083648
100,52,escrita,84.9209999996674
100,52,leitura,254.71089999973628
100,52,liberacao,6.9745000000693835
100,53,alocacao,28.738099999827682
100,53,escrita,86.66869999979099
100,53,leitura,256.3067000000956
100,53,liberacao,7.283599999936996
100,54,alocacao,29.55850000034843
100,54,escrita,86.202499999672
100,54,leitura,255.2683000003526
100,54,liberacao,7.306299999982002
100,55,alocacao,31.489699999838194
100,55,escrita,84.34230000057141
100,55,leitura,255.87960000029852
100,55,liberacao,7.642599999599042
100,56,alocacao,29.95809999993071
100,56,escrita,90.64020000005257
100,56,leitura,263.0686999991667
100,56,liberacao,7.150800000090385
100,57,alocacao,30.015800000001036
100,57,escrita,85.52010000039445
100,57,leitura,255.69240000004356
100,57,liberacao,7.329500000196276
100,58,alocacao,29.035700000349607
100,58,escrita,89.02649999981804
100,58,leitura,255.92870000036783
100,58,liberacao,6.92460000027495
100,59,alocacao,29.81149999959598
100,59,escrita,87.7476999994542
100,59,leitura,258.16670000040176
100,59,liberacao,7.281700000021374
100,60,alocacao,28.870000000097207
100,60,escrita,87.93689999947674
100,60,leitura,255.25289999950473
100,60,liberacao,7.018700000116951
100,61,alocacao,31.211900000016612
100,61,escrita,89.86089999962132
100,61,leitura,256.4110000002984
100,61,liberacao,7.2995999998966
100,62,alocacao,23.359800000434916
100,62,escrita,71.14929999988817
100,62,leitura,267.3384999998234
100,62,liberacao,7.074699999975564
100,63,alocacao,23.609700000633893
100,63,escrita,74.8753999996552
100,63,leitura,266.4451000000554
100,63,liberacao,7.111299999451148
100,64,alocacao,24.027100000239443
100,64,escrita,78.91710000058083
100,64,leitura,256.1201999997138
100,64,liberacao,7.055000000036671
100,65,alocacao,29.437500000312866
100,65,escrita,86.33869999994204
100,65,leitura,255.9971000000587
100,65,liberacao,7.025400000202353
100,66,alocacao,30.44339999996737
100,66,escrita,84.46350000031089
100,66,leitura,260.12859999991633
100,66,liberacao,7.659299999431823
100,67,alocacao,28.94079999987298
100,67,escrita,94.05160000005708
100,67,leitura,254.17110000034882
100,67,liberacao,6.980000000112341
100,68,alocacao,30.80469999986235
100,68,escrita,88.19280000079743
100,68,leitura,253.7000000002081
100,68,liberacao,7.031999999526306
100,69,alocacao,29.645499999787717
100,69,escrita,85.84330000030604
100,69,leitura,262.6571000000695
100,69,liberacao,7.274999999935972
100,70,alocacao,30.531899999914458
100,70,escrita,86.11420000033831
100,70,leitura,255.56239999968966
100,70,liberacao,7.452999999259191
100,71,alocacao,28.85820000028616
100,71,escrita,84.92300000034447
100,71,leitura,256.58930000008695
100,71,liberacao,7.1794999994381214
100,72,alocacao,31.54519999952754
100,72,escrita,85.95679999962158
100,72,leitura,256.54080000003887
100,72,liberacao,7.457300000169198
100,73,alocacao,29.20429999994667
100,73,escrita,85.32310000009602
100,73,leitura,259.23559999955614
100,73,liberacao,7.12900000053196
100,74,alocacao,29.32520000013028
100,74,escrita,85.56129999942641
100,74,leitura,257.6982999999018
100,74,liberacao,7.164599999669008
100,75,alocacao,29.72779999981867
100,75,escrita,88.83629999945697
100,75,leitura,258.79729999996925
100,75,liberacao,7.493500000236963
100,76,alocacao,30.80210000007355
100,76,escrita,86.06939999936003
100,76,leitura,257.4872000004689
100,76,liberacao,7.256200000483659
100,77,alocacao,29.802500000187138
100,77,escrita,86.60909999980504
100,77,leitura,260.81430000067485
100,77,liberacao,7.78580000041984
100,78,alocacao,29.851899999812304
100,78,escrita,88.36020000035205
100,78,leitura,253.09589999960735
100,78,liberacao,6.996300000537303
100,79,alocacao,28.65639999981795
100,79,escrita,86.73780000026454
100,79,leitura,256.4662999993743
100,79,liberacao,7.036000000880449
100,80,alocacao,32.22249999998894
100,80,escrita,85.1794999998674
100,80,leitura,259.1707999999926
100,80,liberacao,7.349100000283215
100,81,alocacao,29.55999999994674
100,81,escrita,85.38990000033664
100,81,leitura,257.5957999997627
100,81,liberacao,7.065599999805272
100,82,alocacao,28.872599999886006
100,82,escrita,85.14759999980015
100,82,leitura,257.67309999991994
100,82,liberacao,7.950999999593478
100,83,alocacao,29.299900000296475
100,83,escrita,107.65790000004927
100,83,leitura,256.00089999988995
100,83,liberacao,7.1262000001297565
100,84,alocacao,30.29589999914606
100,84,escrita,87.0863999998619
100,84,leitura,256.3648999994257
100,84,liberacao,7.431600000018079
100,85,alocacao,32.215500000347674
100,85,escrita,89.83820000048581
100,85,leitura,395.16159999948286
100,85,liberacao,7.262099999934435
100,86,alocacao,29.617600000165112
100,86,escrita,94.00209999967046
100,86,leitura,259.52370000049996
100,86,liberacao,7.441299999300099
100,87,alocacao,30.259299999670475
100,87,escrita,93.47950000028504
100,87,leitura,260.29749999997875
100,87,liberacao,7.261099999595899
100,88,alocacao,29.856699999982084
100,88,escrita,90.33799999997427
100,88,leitura,256.1502999997174
100,88,liberacao,7.406599999740138
100,89,alocacao,29.007199999796285
100,89,escrita,86.10799999951269
100,89,leitura,259.0634999996837
100,89,liberacao,7.342400000197813
100,90,alocacao,33.13019999950484
100,90,escrita,86.6068000004816
100,90,leitura,257.3813999997583
100,90,liberacao,6.844399999863526
100,91,alocacao,29.389399999672605
100,91,escrita,84.66290000069421
100,91,leitura,257.02240000009624
100,91,liberacao,7.538099999692349
100,92,alocacao,28.904900000270572
100,92,escrita,85.15379999971628
100,92,leitura,279.17189999971015
100,92,liberacao,7.333100000323611
100,93,alocacao,30.470499999864842
100,93,escrita,85.81330000015441
100,93,leitura,257.09940000069764
100,93,liberacao,8.62680000045657
100,94,alocacao,29.857999999876483
100,94,escrita,87.62100000058126
100,94,leitura,259.33939999958966
100,94,liberacao,7.339200000387791
100,95,alocacao,30.488600000353472
100,95,escrita,86.59110000007786
100,95,leitura,411.11780000028375
100,95,liberacao,7.056800000100338
100,96,alocacao,35.73020000021643
100,96,escrita,84.57610000004934
100,96,leitura,258.6065999994389
100,96,liberacao,7.104100000105973
100,97,alocacao,28.757999999470485
100,97,escrita,87.09859999999026
100,97,leitura,259.12179999977525
100,97,liberacao,7.773000000270258
100,98,alocacao,29.512599999179656
100,98,escrita,89.13750000010623
100,98,leitura,256.35139999940293
100,98,liberacao,7.513399999879766
100,99,alocacao,28.78789999977016
100,99,escrita,85.69249999982276
100,99,leitura,279.09490000001824
100,99,liberacao,7.222300000648829
100,100,alocacao,31.96020000086719
100,100,escrita,84.9711999999272
100,100,leitura,255.62009999976
100,100,liberacao,7.330099999308004
200,1,alocacao,59.823900000083086
200,1,escrita,172.86630000035075
200,1,leitura,723.2496999995419
200,1,liberacao,13.515499999812164
200,2,alocacao,61.172800000349525
200,2,escrita,184.82049999965966
200,2,leitura,725.1255999999557
200,2,liberacao,13.7814999998227
200,3,alocacao,63.30569999954605
200,3,escrita,174.65119999997114
200,3,leitura,513.6576999993849
200,3,liberacao,13.995499999509775
200,4,alocacao,59.617400000206544
200,4,escrita,174.81529999986378
200,4,leitura,514.9820999995427
200,4,liberacao,13.678499999514315
200,5,alocacao,60.24630000047182
200,5,escrita,173.1780999998591
200,5,leitura,516.7098000001715
200,5,liberacao,13.46060000014404
200,6,alocacao,60.57220000002417
200,6,escrita,171.0481999998592
200,6,leitura,524.7104999998555
200,6,liberacao,15.017300000181422
200,7,alocacao,61.70579999979964
200,7,escrita,176.1728999999832
200,7,leitura,697.5130000000718
200,7,liberacao,14.027500000338478
200,8,alocacao,47.91060000025027
200,8,escrita,151.77790000052482
200,8,leitura,705.446199999642
200,8,liberacao,26.070099999742524
200,9,alocacao,79.79119999981776
200,9,escrita,276.0836000006748
200,9,leitura,1300.5021999997552
200,9,liberacao,29.322100000172213
200,10,alocacao,56.59029999969789
200,10,escrita,211.66790000006586
200,10,leitura,514.4183000002158
200,10,liberacao,14.588899999580462
200,11,alocacao,78.52619999994204
200,11,escrita,178.547499999695
200,11,leitura,512.5551999999516
200,11,liberacao,14.80130000072677
200,12,alocacao,59.90440000005037
200,12,escrita,176.31619999974646
200,12,leitura,527.4611999993795
200,12,liberacao,13.997499999277352
200,13,alocacao,59.50649999977031
200,13,escrita,177.4188999997932
200,13,leitura,513.8323000001037
200,13,liberacao,13.440499999887834
200,14,alocacao,59.99899999915215
200,14,escrita,174.98230000001058
200,14,leitura,514.7695000005115
200,14,liberacao,14.475999999376654
200,15,alocacao,58.08759999945323
200,15,escrita,146.0243999999875
200,15,leitura,522.4753000002238
200,15,liberacao,13.774400000329479
200,16,alocacao,47.10979999981646
200,16,escrita,149.4698000005883
200,16,leitura,529.2661999992561
200,16,liberacao,13.80909999988944
200,17,alocacao,59.23170000005484
200,17,escrita,176.57909999979893
200,17,leitura,516.9721000002028
200,17,liberacao,13.918699999521777
200,18,alocacao,61.63689999993949
200,18,escrita,171.20609999983571
200,18,leitura,506.27650000024005
200,18,liberacao,13.774199999716075
200,19,alocacao,58.67769999986194
200,19,escrita,170.714400000179
200,19,leitura,509.0462000007392
200,19,liberacao,13.5178000000451
200,20,alocacao,62.358499999390915
200,20,escrita,174.32740000003832
200,20,leitura,635.930699999335
200,20,liberacao,13.565799999923911
200,21,alocacao,59.10130000029312
200,21,escrita,175.72370000016235
200,21,leitura,512.286000000131
200,21,liberacao,13.649999999870488
200,22,alocacao,59.35520000002725
200,22,escrita,172.58870000023308
200,22,leitura,508.7301000003208
200,22,liberacao,15.910400000393565
200,23,alocacao,59.02839999998832
200,23,escrita,172.9270000005272
200,23,leitura,511.33630000003905
200,23,liberacao,13.543899999604037
200,24,alocacao,60.04709999979241
200,24,escrita,175.6718999995428
200,24,leitura,509.54379999984667
200,24,liberacao,13.708699999369856
200,25,alocacao,59.54180000026099
200,25,escrita,174.81320000024425
200,25,leitura,525.3156999997373
200,25,liberacao,13.416799999504292
200,26,alocacao,58.98250000063854
200,26,escrita,172.84819999986212
200,26,leitura,511.57640000019455
200,26,liberacao,13.49469999968278
200,27,alocacao,60.634300000856456
200,27,escrita,169.77779999979248
200,27,leitura,512.9969999998139
200,27,liberacao,13.575199999650067
200,28,alocacao,59.04569999984233
200,28,escrita,150.71360000001732
200,28,leitura,525.8098000003883
200,28,liberacao,14.403000000129396
200,29,alocacao,46.55619999994087
200,29,escrita,144.625900000392
200,29,leitura,530.894200000148
200,29,liberacao,14.25050000034389
200,30,alocacao,59.63130000054662
200,30,escrita,176.07649999990826
200,30,leitura,511.6661000001841
200,30,liberacao,13.713999999708903
200,31,alocacao,59.40730000020267
200,31,escrita,177.9026000003796
200,31,leitura,507.2412000008626
200,31,liberacao,13.933100000031118
200,32,alocacao,58.92929999936314
200,32,escrita,171.45720000007714
200,32,leitura,520.7729000003383
200,32,liberacao,14.188000000103784
200,33,alocacao,81.11769999959506
200,33,escrita,171.3131999995312
200,33,leitura,513.2926999995107
200,33,liberacao,13.726400000450667
200,34,alocacao,58.93729999934294
200,34,escrita,174.31959999976243
200,34,leitura,517.8900000000795
200,34,liberacao,13.641300000017509
200,35,alocacao,46.727300000384275
200,35,escrita,147.6077000006626
200,35,leitura,525.8301000003485
200,35,liberacao,13.469399999848974
200,36,alocacao,49.13380000016332
200,36,escrita,180.23309999989579
200,36,leitura,513.7281999996048
200,36,liberacao,13.376399999287969
200,37,alocacao,58.60260000008566
200,37,escrita,173.29349999999977
200,37,leitura,526.5447000001586
200,37,liberacao,13.424599999780185
200,38,alocacao,58.639999999286374
200,38,escrita,172.20679999991262
200,38,leitura,512.0395000003555
200,38,liberacao,14.243200000237266
200,39,alocacao,60.01230000038049
200,39,escrita,173.09300000033545
200,39,leitura,511.9666000000507
200,39,liberacao,13.233600000603474
200,40,alocacao,63.6623000000327
200,40,escrita,185.3701000000001
200,40,leitura,508.8599000000613
200,40,liberacao,13.905499999964377
200,41,alocacao,59.191000000282656
200,41,escrita,174.83350000020437
200,41,leitura,523.8011999999799
200,41,liberacao,14.1247999999905
200,42,alocacao,45.70179999973334
200,42,escrita,146.01540000057867
200,42,leitura,527.4319999998625
200,42,liberacao,13.75940000070841
200,43,alocacao,56.021599999439786
200,43,escrita,172.10920000070473
200,43,leitura,514.9049999999988
200,43,liberacao,13.524300000426592
200,44,alocacao,58.29300000004878
200,44,escrita,174.04090000036376
200,44,leitura,509.99640000009094
200,44,liberacao,13.571999999840045
200,45,alocacao,63.80859999990207
200,45,escrita,173.0368999997154
200,45,leitura,511.1397000000579
200,45,liberacao,13.352200000554149
200,46,alocacao,60.16009999984817
200,46,escrita,174.36019999968266
200,46,leitura,637.283999999454
200,46,liberacao,13.647400000081689
200,47,alocacao,58.10399999973015
200,47,escrita,179.48710000018764
200,47,leitura,512.6797000002625
200,47,liberacao,15.46280000002298
200,48,alocacao,78.26909999948839
200,48,escrita,415.2414999998655
200,48,leitura,556.8740999997317
200,48,liberacao,13.610400000288791
200,49,alocacao,59.479300000020885
200,49,escrita,235.11640000015177
200,49,leitura,530.1005999999688
200,49,liberacao,16.026700000111305
200,50,alocacao,59.10559999938414
200,50,escrita,177.50919999980397
200,50,leitura,509.987600000386
200,50,liberacao,13.258800000585325
200,51,alocacao,61.764799999764364
200,51,escrita,179.38239999966754
200,51,leitura,678.1498000000283
200,51,liberacao,13.94209999943996
200,52,alocacao,59.335599999940314
200,52,escrita,175.9325999992143
200,52,leitura,516.3703999996869
200,52,liberacao,13.949299999694631
200,53,alocacao,60.992699999587785
200,53,escrita,174.01259999951435
200,53,leitura,516.224200000579
200,53,liberacao,13.722100000450155
200,54,alocacao,61.19490000037331
200,54,escrita,175.7724999997663
200,54,leitura,514.1532000006919
200,54,liberacao,15.573599999697763
200,55,alocacao,49.906299999747716
200,55,escrita,144.61709999977757
200,55,leitura,528.7342000001445
200,55,liberacao,13.767800000096031
200,56,alocacao,46.94629999994504
200,56,escrita,171.02220000015222
200,56,leitura,516.6753000003155
200,56,liberacao,14.318800000182819
200,57,alocacao,60.883799999828625
200,57,escrita,169.2274000006364
200,57,leitura,520.4808999997113
200,57,liberacao,15.056600000207254
200,58,alocacao,59.60959999993065
200,58,escrita,173.1543000005331
200,58,leitura,521.3257999994312
200,58,liberacao,15.2498999996169
200,59,alocacao,64.4293999994261
200,59,escrita,478.86540000035893
200,59,leitura,521.97089999936
200,59,liberacao,14.421199999560486
200,60,alocacao,61.51090000003023
200,60,escrita,173.24210000060702
200,60,leitura,512.8883000006681
200,60,liberacao,13.735900000028778
200,61,alocacao,59.08940000063012
200,61,escrita,178.8155000003826
200,61,leitura,517.3650999995516
200,61,liberacao,14.643299999988812
200,62,alocacao,59.168400000089605
200,62,escrita,170.0684999996156
200,62,leitura,665.7783999999083
200,62,liberacao,14.869399999952293
200,63,alocacao,48.8814000000275
200,63,escrita,149.5251999995162
200,63,leitura,537.6016000000163
200,63,liberacao,13.781999999991967
200,64,alocacao,54.8545000001468
200,64,escrita,172.6459999999861
200,64,leitura,523.5633000002053
200,64,liberacao,125.6468000001405
200,65,alocacao,71.08429999971122
200,65,escrita,173.94659999990836
200,65,leitura,524.5033000001058
200,65,liberacao,14.323000000331376
200,66,alocacao,58.81760000011127
200,66,escrita,178.09330000000045
200,66,leitura,518.8834999999017
200,66,liberacao,14.275200000156474
200,67,alocacao,60.13660000007803
200,67,escrita,185.8433999996123
200,67,leitura,716.6153999996823
200,67,liberacao,13.507900000149675
200,68,alocacao,58.881900000415044
200,68,escrita,171.80019999977958
200,68,leitura,523.3500999993339
200,68,liberacao,13.673999999809894
200,69,alocacao,59.90639999981795
200,69,escrita,175.6562999999005
200,69,leitura,527.6768000003358
200,69,liberacao,13.640799999848241
200,70,alocacao,60.012799999640265
200,70,escrita,172.9821000008087
200,70,leitura,524.5292999998128
200,70,liberacao,14.977300000282412
200,71,alocacao,87.32320000035543
200,71,escrita,181.9234000004144
200,71,leitura,508.0865999998423
200,71,liberacao,13.191200000619574
200,72,alocacao,58.23809999947116
200,72,escrita,173.63469999963854
200,72,leitura,508.6754000003566
200,72,liberacao,13.861399999768764
200,73,alocacao,59.066599999823666
200,73,escrita,174.7349999996004
200,73,leitura,510.04529999954684
200,73,liberacao,14.06420000057551
200,74,alocacao,57.88900000061403
200,74,escrita,172.5605000001451
200,74,leitura,510.8564000001934
200,74,liberacao,13.956499999949301
200,75,alocacao,60.163699999975506
200,75,escrita,180.5014999999912
200,75,leitura,531.9030999999086
200,75,liberacao,14.27719999992405
200,76,alocacao,55.0626000003831
200,76,escrita,142.70229999965522
200,76,leitura,519.8862000006557
200,76,liberacao,13.257800000246789
200,77,alocacao,46.91180000008899
200,77,escrita,146.14949999941018
200,77,leitura,531.7605000000185
200,77,liberacao,13.588699999672826
200,78,alocacao,57.79869999969378
200,78,escrita,173.3236999998553
200,78,leitura,509.371099999953
200,78,liberacao,14.050500000848842
200,79,alocacao,60.20699999953649
200,79,escrita,175.70689999956812
200,79,leitura,509.95120000061434
200,79,liberacao,13.477100000272912
200,80,alocacao,57.62570000024425
200,80,escrita,169.69869999957155
200,80,leitura,512.1445000004314
200,80,liberacao,13.927399999374757
200,81,alocacao,59.32980000034149
200,81,escrita,184.45930000052613
200,81,leitura,515.6440999999177
200,81,liberacao,13.404199999968114
200,82,alocacao,58.5187999995469
200,82,escrita,174.0896999999677
200,82,leitura,515.7755999998699
200,82,liberacao,13.55260000036651
200,83,alocacao,60.627600000771054
200,83,escrita,177.09239999931015
200,83,leitura,512.1012000008704
200,83,liberacao,15.700299999480194
200,84,alocacao,63.209099999767204
200,84,escrita,178.48159999994095
200,84,leitura,513.068100000055
200,84,liberacao,13.416299999335024
200,85,alocacao,58.28930000006949
200,85,escrita,175.02729999978328
200,85,leitura,667.4138000007588
200,85,liberacao,13.757499999883294
200,86,alocacao,58.452199999919685
200,86,escrita,173.48880000008648
200,86,leitura,510.42710000001534
200,86,liberacao,13.625300000057905
200,87,alocacao,58.564400000250316
200,87,escrita,177.5367999998707
200,87,leitura,522.4864000001617
200,87,liberacao,13.544899999942572
200,88,alocacao,59.981499999594234
200,88,escrita,176.99379999976372
200,88,leitura,513.2391000006464
200,88,liberacao,13.881200000469107
200,89,alocacao,61.69950000003155
200,89,escrita,170.93199999999342
200,89,leitura,509.4344999997702
200,89,liberacao,14.934699999685108
200,90,alocacao,59.32630000006611
200,90,escrita,172.02869999982795
200,90,leitura,520.1426000003266
200,90,liberacao,13.17419999941194
200,91,alocacao,46.96160000003147
200,91,escrita,150.33579999999347
200,91,leitura,530.7899999997971
200,91,liberacao,13.195100000302773
200,92,alocacao,55.57240000052843
200,92,escrita,170.2924000001076
200,92,leitura,511.34650000039983
200,92,liberacao,13.433899999654386
200,93,alocacao,47.67300000003161
200,93,escrita,141.7643999993743
200,93,leitura,517.6228000000265
200,93,liberacao,14.290399999481451
200,94,alocacao,46.08749999988504
200,94,escrita,144.44880000064586
200,94,leitura,547.2643999992215
200,94,liberacao,13.60709999971732
200,95,alocacao,48.11229999995703
200,95,escrita,147.86319999984698
200,95,leitura,524.4681000003766
200,95,liberacao,13.458299999911105
200,96,alocacao,58.78310000025522
200,96,escrita,172.76240000046528
200,96,leitura,511.46080000035
200,96,liberacao,13.931200000115496
200,97,alocacao,58.405900000252586
200,97,escrita,172.58510000010574
200,97,leitura,511.55669999934616
200,97,liberacao,14.001700000335404
200,98,alocacao,58.76989999978832
200,98,escrita,173.9016999999876
200,98,leitura,684.7038000005341
200,98,liberacao,14.160699999592907
200,99,alocacao,61.42739999995683
200,99,escrita,172.37409999961528
200,99,leitura,510.0183999993533
200,99,liberacao,14.081199999964156
200,100,alocacao,58.00160000035248
200,100,escrita,173.49839999951655
200,100,leitura,511.5107999999964
200,100,liberacao,13.577199999417644
300,1,alocacao,89.5834000002651
300,1,escrita,253.0616000003647
300,1,leitura,768.0188999993334
300,1,liberacao,20.29309999943507
300,2,alocacao,69.72980000045936
300,2,escrita,230.9359000000768
300,2,leitura,918.3844999997746
300,2,liberacao,20.636300000660412
300,3,alocacao,100.37849999935133
300,3,escrita,264.62870000068506
300,3,leitura,775.5989000006593
300,3,liberacao,21.036900000581227
300,4,alocacao,87.79279999998835
300,4,escrita,265.2047000001403
300,4,leitura,785.5273999994097
300,4,liberacao,20.59460000054969
300,5,alocacao,69.2349999999351
300,5,escrita,249.0659000004598
300,5,leitura,764.9493999997503
300,5,liberacao,20.368999999845983
300,6,alocacao,90.15020000060758
300,6,escrita,269.6520999998029
300,6,leitura,931.7806999997629
300,6,liberacao,20.374400000036985
300,7,alocacao,87.84129999912693
300,7,escrita,262.8728999998202
300,7,leitura,926.4467000002696
300,7,liberacao,21.441500000037195
300,8,alocacao,77.1998000000167
300,8,escrita,227.6756999999634
300,8,leitura,765.9287999995286
300,8,liberacao,20.916200000101526
300,9,alocacao,89.88080000017362
300,9,escrita,260.33669999924314
300,9,leitura,943.7021999992794
300,9,liberacao,19.945499999266758
300,10,alocacao,81.5165000003617
300,10,escrita,235.80740000033984
300,10,leitura,772.695399999975
300,10,liberacao,20.645499999773165
300,11,alocacao,94.16369999962626
300,11,escrita,273.8887000004979
300,11,leitura,932.2583000002851
300,11,liberacao,21.2188999994396
300,12,alocacao,84.99399999982415
300,12,escrita,238.52719999922556
300,12,leitura,946.8458999999712
300,12,liberacao,20.405199999913748
300,13,alocacao,70.52170000042679
300,13,escrita,234.32839999986754
300,13,leitura,781.0463999994681
300,13,liberacao,19.793099999333208
300,14,alocacao,91.18889999990643
300,14,escrita,269.2575000000943
300,14,leitura,764.453499999945
300,14,liberacao,20.616800000425428
300,15,alocacao,89.85349999966274
300,15,escrita,259.7782000002553
300,15,leitura,768.116000000191
300,15,liberacao,24.532299999918905
300,16,alocacao,115.05849999957718
300,16,escrita,313.08569999964675
300,16,leitura,791.0684999997102
300,16,liberacao,21.016400000007707
300,17,alocacao,90.86120000029041
300,17,escrita,261.4225000006627
300,17,leitura,801.4518999998472
300,17,liberacao,23.185799999737355
300,18,alocacao,69.81749999977183
300,18,escrita,231.0749999996915
300,18,leitura,945.179399999688
300,18,liberacao,28.924000000188244
300,19,alocacao,88.1534999998621
300,19,escrita,266.28600000003644
300,19,leitura,762.35749999978
300,19,liberacao,20.00060000045778
300,20,alocacao,95.88580000036018
300,20,escrita,264.8495000003095
300,20,leitura,894.854099999975
300,20,liberacao,20.668799999839393
300,21,alocacao,88.28770000036457
300,21,escrita,262.92089999969903
300,21,leitura,1010.7986000002711
300,21,liberacao,44.978400000218244
300,22,alocacao,125.39080000078684
300,22,escrita,414.8696000002019
300,22,leitura,1206.0272999997323
300,22,liberacao,159.74960000039573
300,23,alocacao,95.43679999933374
300,23,escrita,292.49239999990095
300,23,leitura,803.4010000001217
300,23,liberacao,21.137200000339362
300,24,alocacao,68.65730000026815
300,24,escrita,232.02500000024884
300,24,leitura,767.0532999991337
300,24,liberacao,20.958999999493244
300,25,alocacao,86.82670000052894
300,25,escrita,260.51900000038586
300,25,leitura,761.7964999999458
300,25,liberacao,20.44110000042565
300,26,alocacao,83.29000000048836
300,26,escrita,209.24309999918478
300,26,leitura,782.0566000000326
300,26,liberacao,37.441100000251026
300,27,alocacao,90.13010000035138
300,27,escrita,264.455800000178
300,27,leitura,760.3084000002127
300,27,liberacao,20.8199999997305
300,28,alocacao,89.81840000069496
300,28,escrita,256.2463000003845
300,28,leitura,768.9516999998887
300,28,liberacao,28.420099999493686
300,29,alocacao,79.3229999999312
300,29,escrita,227.1619000002829
300,29,leitura,780.3119000000152
300,29,liberacao,20.70629999980156
300,30,alocacao,94.49189999941154
300,30,escrita,263.1770999996661
300,30,leitura,774.2503999998007
300,30,liberacao,20.30399999966903
300,31,alocacao,70.19929999933083
300,31,escrita,233.4283999998661
300,31,leitura,831.3269999998738
300,31,liberacao,19.882600000528328
300,32,alocacao,69.41269999970245
300,32,escrita,236.19910000070377
300,32,leitura,949.4333999991795
300,32,liberacao,20.907499999339052
300,33,alocacao,92.93249999973341
300,33,escrita,267.9660999992848
300,33,leitura,786.7625999997472
300,33,liberacao,23.1008999999176
300,34,alocacao,68.77340000028198
300,34,escrita,217.8038000001834
300,34,leitura,793.2176999993317
300,34,liberacao,20.15449999998964
300,35,alocacao,68.58879999981582
300,35,escrita,217.17589999934717
300,35,leitura,770.5818999993426
300,35,liberacao,21.3264000003619
300,36,alocacao,89.18820000053529
300,36,escrita,258.5251000000426
300,36,leitura,762.5821999999971
300,36,liberacao,20.177200000034645
300,37,alocacao,90.10930000022199
300,37,escrita,255.8232000001226
300,37,leitura,768.1672999997318
300,37,liberacao,20.354199999928824
300,38,alocacao,88.55019999919023
300,38,escrita,263.1429000002754
300,38,leitura,910.6050999998843
300,38,liberacao,19.90470000055211
300,39,alocacao,87.7386000001934
300,39,escrita,262.79150000027585
300,39,leitura,804.2879999993602
300,39,liberacao,24.020699999709905
300,40,alocacao,75.87680000051478
300,40,escrita,263.06540000041423
300,40,leitura,776.5051000005769
300,40,liberacao,23.780599999554397
300,41,alocacao,60.374299999239156
300,41,escrita,202.3613999999725
300,41,leitura,789.8251000005985
300,41,liberacao,31.23779999987164
300,42,alocacao,88.57050000005984
300,42,escrita,262.96090000050754
300,42,leitura,787.6118999993196
300,42,liberacao,28.478700000050594
300,43,alocacao,76.21550000021671
300,43,escrita,228.54199999983393
300,43,leitura,911.2270999994507
300,43,liberacao,23.428399999829708
300,44,alocacao,59.491300000445335
300,44,escrita,211.08910000020842
300,44,leitura,779.1249000001699
300,44,liberacao,24.690299999747367
300,45,alocacao,59.36130000009143
300,45,escrita,217.05060000022058
300,45,leitura,788.0353999998988
300,45,liberacao,22.841700000753917
300,46,alocacao,66.29310000062105
300,46,escrita,214.0122999999221
300,46,leitura,770.7681000001685
300,46,liberacao,24.842099999659695
300,47,alocacao,59.770999999273045
300,47,escrita,211.04399999967427
300,47,leitura,777.789799999482
300,47,liberacao,25.59339999970689
300,48,alocacao,62.74850000045262
300,48,escrita,214.47930000067572
300,48,leitura,784.5992000002298
300,48,liberacao,25.93909999995958
300,49,alocacao,59.331899999961024
300,49,escrita,214.07899999940128
300,49,leitura,785.9893999993801
300,49,liberacao,26.74250000018219
300,50,alocacao,70.61740000062855
300,50,escrita,217.64939999957278
300,50,leitura,924.3467999995119
300,50,liberacao,24.366100000406732
300,51,alocacao,59.8573999996006
300,51,escrita,212.47850000054314
300,51,leitura,778.1851999998253
300,51,liberacao,25.736399999914283
300,52,alocacao,60.71499999961816
300,52,escrita,202.10080000015296
300,52,leitura,788.864499999363
300,52,liberacao,25.079699999878358
300,53,alocacao,66.26320000032138
300,53,escrita,209.59829999992508
300,53,leitura,781.668599999648
300,53,liberacao,25.072399999771733
300,54,alocacao,59.70419999994192
300,54,escrita,212.84060000016325
300,54,leitura,778.2579000004262
300,54,liberacao,23.702499999672
300,55,alocacao,59.89019999924494
300,55,escrita,206.99119999972027
300,55,leitura,786.2909999994372
300,55,liberacao,26.47439999964263
300,56,alocacao,60.870799999975134
300,56,escrita,211.14189999934752
300,56,leitura,787.7120000002833
300,56,liberacao,23.094499999388063
300,57,alocacao,66.51059999967401
300,57,escrita,206.98280000033265
300,57,leitura,1003.3871000005092
300,57,liberacao,31.063000000358443
300,58,alocacao,98.62080000038986
300,58,escrita,252.0678000000771
300,58,leitura,762.893900000563
300,58,liberacao,22.569599999769707
300,59,alocacao,59.32290000055218
300,59,escrita,213.63710000059655
300,59,leitura,779.5971000005011
300,59,liberacao,28.806799999983923
300,60,alocacao,87.92410000023665
300,60,escrita,261.65539999965404
300,60,leitura,766.5203000005931
300,60,liberacao,24.624199999379925
300,61,alocacao,62.608600000203296
300,61,escrita,218.58700000029785
300,61,leitura,994.3714999999429
300,61,liberacao,24.475600000187114
300,62,alocacao,65.15260000014678
300,62,escrita,232.91399999925488
300,62,leitura,790.3403999998773
300,62,liberacao,27.813099999548285
300,63,alocacao,89.6151999995709
300,63,escrita,259.38920000044163
300,63,leitura,771.6855000007854
300,63,liberacao,23.02880000024743
300,64,alocacao,59.40840000039316
300,64,escrita,215.48010000060458
300,64,leitura,779.9959999993007
300,64,liberacao,30.904700000064622
300,65,alocacao,89.643100000103
300,65,escrita,264.26339999943593
300,65,leitura,764.9855999998181
300,65,liberacao,22.949399999561138
300,66,alocacao,59.954800000014075
300,66,escrita,209.39180000004853
300,66,leitura,776.1440000003859
300,66,liberacao,29.062099999464408
300,67,alocacao,59.18019999990065
300,67,escrita,213.38569999988977
300,67,leitura,789.5571999997628
300,67,liberacao,22.767800000110583
300,68,alocacao,65.92420000015409
300,68,escrita,221.55670000029204
300,68,leitura,788.4284000001571
300,68,liberacao,22.635899999841058
300,69,alocacao,60.71029999930033
300,69,escrita,210.3612000000794
300,69,leitura,778.5169999997379
300,69,liberacao,23.447399999895424
300,70,alocacao,59.358200000133365
300,70,escrita,213.98669999962294
300,70,leitura,932.7879999991637
300,70,liberacao,25.15289999973902
300,71,alocacao,59.63830000018788
300,71,escrita,225.33629999998084
300,71,leitura,777.5943999995434
300,71,liberacao,44.99000000032538
300,72,alocacao,95.65139999995154
300,72,escrita,251.0389999997642
300,72,leitura,762.7585999998701
300,72,liberacao,23.325600000134727
300,73,alocacao,66.41990000025544
300,73,escrita,206.52759999939008
300,73,leitura,795.3871999998228
300,73,liberacao,27.893800000128977
300,74,alocacao,91.07029999995575
300,74,escrita,255.87419999919803
300,74,leitura,978.1464999996388
300,74,liberacao,23.258500000338245
300,75,alocacao,70.33919999958016
300,75,escrita,216.38329999950656
300,75,leitura,805.9047999995528
300,75,liberacao,23.39739999933954
300,76,alocacao,68.84749999971973
300,76,escrita,218.92269999989367
300,76,leitura,783.920500000022
300,76,liberacao,28.02239999982703
300,77,alocacao,89.35160000055475
300,77,escrita,261.535399999957
300,77,leitura,768.2365999999092
300,77,liberacao,22.841999999400286
300,78,alocacao,62.59979999958887
300,78,escrita,222.22009999950387
300,78,leitura,785.3769999992437
300,78,liberacao,31.796500000382366
300,79,alocacao,89.47530000023107
300,79,escrita,253.49240000014106
300,79,leitura,778.821699999753
300,79,liberacao,28.30270000049495
300,80,alocacao,87.40489999945567
300,80,escrita,252.72339999992255
300,80,leitura,1016.1337999998068
300,80,liberacao,25.22789999966335
300,81,alocacao,76.73680000061722
300,81,escrita,244.92110000028333
300,81,leitura,986.7739999999685
300,81,liberacao,23.50739999928919
300,82,alocacao,61.40840000080061
300,82,escrita,216.27480000006472
300,82,leitura,784.3359999997119
300,82,liberacao,23.51939999971364
300,83,alocacao,62.25520000043616
300,83,escrita,221.26179999941087
300,83,leitura,790.2640000002066
300,83,liberacao,26.49490000021615
300,84,alocacao,146.72610000070563
300,84,escrita,276.4820000002146
300,84,leitura,987.2085999995761
300,84,liberacao,26.88190000026225
300,85,alocacao,73.1831000002785
300,85,escrita,219.0085000002
300,85,leitura,780.743899999834
300,85,liberacao,24.502299999767274
300,86,alocacao,62.07559999984369
300,86,escrita,207.8074999999444
300,86,leitura,960.9848000000056
300,86,liberacao,24.60960000007617
300,87,alocacao,66.66620000032708
300,87,escrita,216.7632999999114
300,87,leitura,779.1636000001745
300,87,liberacao,27.88369999962015
300,88,alocacao,92.26149999994959
300,88,escrita,256.93020000016986
300,88,leitura,985.1973000004364
300,88,liberacao,32.363100000111444
300,89,alocacao,58.83670000002894
300,89,escrita,219.22530000028928
300,89,leitura,780.2736999992703
300,89,liberacao,23.26109999921755
300,90,alocacao,59.18440000004921
300,90,escrita,215.3521999998702
300,90,leitura,775.4614000004949
300,90,liberacao,30.62000000045373
300,91,alocacao,88.1441999999879
300,91,escrita,263.27409999976226
300,91,leitura,928.3855000003314
300,91,liberacao,26.861500000450178
300,92,alocacao,59.40029999965191
300,92,escrita,209.6004000004541
300,92,leitura,929.7741000000315
300,92,liberacao,24.009299999306677
300,93,alocacao,62.21469999945839
300,93,escrita,211.61790000041947
300,93,leitura,952.0789000007426
300,93,liberacao,25.52079999986745
300,94,alocacao,60.57830000008835
300,94,escrita,212.75750000040716
300,94,leitura,916.1549999998897
300,94,liberacao,23.13030000004801
300,95,alocacao,59.807099999488855
300,95,escrita,215.0245000002542
300,95,leitura,779.3998999995893
300,95,liberacao,24.547300000449468
300,96,alocacao,59.31120000059309
300,96,escrita,208.72589999999036
300,96,leitura,771.913399999903
300,96,liberacao,24.022399999921618
300,97,alocacao,61.172000000624394
300,97,escrita,209.93220000036672
300,97,leitura,786.6051999999399
300,97,liberacao,24.47900000061054
300,98,alocacao,65.59480000032636
300,98,escrita,214.6432999998069
300,98,leitura,792.0789999998306
300,98,liberacao,25.25199999945471
300,99,alocacao,65.81499999992957
300,99,escrita,223.85060000033263
300,99,leitura,781.6116000003603
300,99,liberacao,22.88829999997688
300,100,alocacao,59.00550000023941
300,100,escrita,210.28329999990092
300,100,leitura,780.4777999999715
300,100,liberacao,23.549399999865273
400,1,alocacao,85.98129999973025
400,1,escrita,303.92380000012054
400,1,leitura,1007.9821999997876
400,1,liberacao,32.185600000048
400,2,alocacao,91.22850000039762
400,2,escrita,294.56560000016907
400,2,leitura,1171.565599999667
400,2,liberacao,32.76430000005348
400,3,alocacao,239.3517000000429
400,3,escrita,299.44460000024264
400,3,leitura,1016.3809999994555
400,3,liberacao,36.02429999955348
400,4,alocacao,83.27819999976782
400,4,escrita,282.871399999749
400,4,leitura,1194.9006000004374
400,4,liberacao,33.48379999988538
400,5,alocacao,79.61079999950016
400,5,escrita,298.12070000025415
400,5,leitura,1014.6630000008372
400,5,liberacao,31.71569999994972
400,6,alocacao,79.21210000040446
400,6,escrita,287.4342999994042
400,6,leitura,1017.4441999997725
400,6,liberacao,32.783999999992375
400,7,alocacao,208.28100000017002
400,7,escrita,310.4389000000083
400,7,leitura,1025.5744999994931
400,7,liberacao,30.381900000065798
400,8,alocacao,79.77149999987887
400,8,escrita,280.48519999993005
400,8,leitura,1028.0036999993172
400,8,liberacao,36.26929999973072
400,9,alocacao,90.2485999995406
400,9,escrita,290.6960000000254
400,9,leitura,1177.1806999995533
400,9,liberacao,30.471600000055332
400,10,alocacao,90.50370000022667
400,10,escrita,294.1700999999739
400,10,leitura,1017.5024999998641
400,10,liberacao,38.48139999990963
400,11,alocacao,122.3147999999128
400,11,escrita,358.4208000002036
400,11,leitura,1027.3394999994707
400,11,liberacao,31.113600000026054
400,12,alocacao,79.42959999945742
400,12,escrita,289.9815000000672
400,12,leitura,1024.6892000004664
400,12,liberacao,34.4996000003448
400,13,alocacao,83.94609999959357
400,13,escrita,293.496000000232
400,13,leitura,1198.5740000000078
400,13,liberacao,30.24490000007063
400,14,alocacao,78.6681999998109
400,14,escrita,283.9199000000008
400,14,leitura,1028.5889000006136
400,14,liberacao,40.62009999961447
400,15,alocacao,217.1502999999575
400,15,escrita,298.45120000027237
400,15,leitura,1022.0368000000235
400,15,liberacao,32.106899999234884
400,16,alocacao,81.1018000003969
400,16,escrita,287.7046999992672
400,16,leitura,1173.6933000001954
400,16,liberacao,31.494100000600156
400,17,alocacao,82.5144000000364
400,17,escrita,299.8168000003716
400,17,leitura,1020.6451000003653
400,17,liberacao,30.345199999828765
400,18,alocacao,81.2647000002471
400,18,escrita,288.5264000005918
400,18,leitura,1056.3408000007257
400,18,liberacao,32.622799999444396
400,19,alocacao,89.78449999995064
400,19,escrita,299.7353999999177
400,19,leitura,1182.8686999997444
400,19,liberacao,32.38520000013523
400,20,alocacao,85.21319999999832
400,20,escrita,332.61469999979454
400,20,leitura,1224.2575000000215
400,20,liberacao,36.54259999984788
400,21,alocacao,116.19439999958558
400,21,escrita,359.037499999431
400,21,leitura,1020.6593000002613
400,21,liberacao,37.24869999950897
400,22,alocacao,123.58799999947223
400,22,escrita,272.18509999966045
400,22,leitura,1164.8929000002681
400,22,liberacao,30.95030000076804
400,23,alocacao,82.71049999984825
400,23,escrita,294.9505999995381
400,23,leitura,1026.6243000005488
400,23,liberacao,36.05449999940902
400,24,alocacao,130.45580000016344
400,24,escrita,541.7884999997113
400,24,leitura,1050.7410999998683
400,24,liberacao,29.825599999639962
400,25,alocacao,89.31310000025405
400,25,escrita,294.6099000000686
400,25,leitura,1238.6790999998993
400,25,liberacao,41.69000000001688
400,26,alocacao,89.31610000036017
400,26,escrita,313.7974999999642
400,26,leitura,1015.684500000134
400,26,liberacao,31.26810000048863
400,27,alocacao,81.26280000033148
400,27,escrita,319.242800000211
400,27,leitura,1189.3091000001732
400,27,liberacao,30.360100000507373
400,28,alocacao,85.75110000037967
400,28,escrita,285.07749999971566
400,28,leitura,1025.5882000001293
400,28,liberacao,38.322299999890674
400,29,alocacao,80.19010000043636
400,29,escrita,295.0404000002891
400,29,leitura,1018.4568000004219
400,29,liberacao,30.141500000354426
400,30,alocacao,80.24699999987206
400,30,escrita,284.6238000001904
400,30,leitura,1020.039099999849
400,30,liberacao,32.20890000011423
400,31,alocacao,79.17839999936405
400,31,escrita,295.7081000004109
400,31,leitura,1192.43219999953
400,31,liberacao,31.15909999996802
400,32,alocacao,91.8866000001799
400,32,escrita,279.1022999999768
400,32,leitura,1213.3363000002646
400,32,liberacao,32.74650000003021
400,33,alocacao,82.19039999949018
400,33,escrita,432.9656999998406
400,33,leitura,1161.582499999895
400,33,liberacao,29.915799999798764
400,34,alocacao,80.53550000022369
400,34,escrita,294.4297000003644
400,34,leitura,1205.679699999564
400,34,liberacao,40.889200000492565
400,35,alocacao,92.59070000007341
400,35,escrita,341.46229999987554
400,35,leitura,1039.2704000005324
400,35,liberacao,29.69100000063918
400,36,alocacao,88.8212999998359
400,36,escrita,297.6013999996212
400,36,leitura,1010.9778000005463
400,36,liberacao,38.867999999638414
400,37,alocacao,121.08020000050601
400,37,escrita,348.4662999999273
400,37,leitura,1032.8411999998934
400,37,liberacao,36.51549999995041
400,38,alocacao,91.75430000050255
400,38,escrita,553.8271999994322
400,38,leitura,1203.1166999995548
400,38,liberacao,30.893799999830662
400,39,alocacao,81.91900000019814
400,39,escrita,290.55909999988216
400,39,leitura,1019.962299999861
400,39,liberacao,32.95770000022458
400,40,alocacao,83.63109999936569
400,40,escrita,286.44389999954
400,40,leitura,1167.6323000001503
400,40,liberacao,32.49909999976808
400,41,alocacao,79.15150000007998
400,41,escrita,297.58100000071863
400,41,leitura,1359.8086000001786
400,41,liberacao,29.95589999954973
400,42,alocacao,79.9659000003885
400,42,escrita,296.89179999968474
400,42,leitura,1020.1751000004151
400,42,liberacao,32.757500000116124
400,43,alocacao,80.31160000064119
400,43,escrita,287.7695999995922
400,43,leitura,1138.614100000268
400,43,liberacao,34.22130000035395
400,44,alocacao,80.40739999978541
400,44,escrita,288.0205000001297
400,44,leitura,1037.629599999491
400,44,liberacao,57.420499999352614
400,45,alocacao,88.51920000051905
400,45,escrita,296.2434999999459
400,45,leitura,1016.7276000001948
400,45,liberacao,29.514900000322086
400,46,alocacao,85.70010000039474
400,46,escrita,453.2110999998622
400,46,leitura,1212.3948999997083
400,46,liberacao,31.112499999835563
400,47,alocacao,85.01299999988987
400,47,escrita,282.1670000002996
400,47,leitura,1164.1489000003276
400,47,liberacao,32.209400000283495
400,48,alocacao,80.1301000001331
400,48,escrita,289.0336999998908
400,48,leitura,1042.4702000000252
400,48,liberacao,31.732000000374683
400,49,alocacao,89.28509999987
400,49,escrita,295.27349999989383
400,49,leitura,1190.144400000463
400,49,liberacao,31.080099999599042
400,50,alocacao,81.05389999946055
400,50,escrita,293.06350000024395
400,50,leitura,1062.218600000051
400,50,liberacao,40.1412999999593
400,51,alocacao,94.63659999983065
400,51,escrita,347.0850000003338
400,51,leitura,1214.1803000004074
400,51,liberacao,30.60419999928854
400,52,alocacao,82.97000000038679
400,52,escrita,304.7716000000946
400,52,leitura,1021.3911000000735
400,52,liberacao,32.083199999760836
400,53,alocacao,80.77000000048429
400,53,escrita,291.5311999995538
400,53,leitura,1014.9301999999807
400,53,liberacao,30.291599999145546
400,54,alocacao,79.26620000034745
400,54,escrita,288.66980000020703
400,54,leitura,1017.9565999997067
400,54,liberacao,31.174499999906402
400,55,alocacao,83.69490000040969
400,55,escrita,302.2800000007919
400,55,leitura,1209.1491999999562
400,55,liberacao,30.98039999986213
400,56,alocacao,78.56409999931202
400,56,escrita,296.43659999965166
400,56,leitura,1033.0559999993056
400,56,liberacao,32.60950000003504
400,57,alocacao,81.29660000031436
400,57,escrita,288.4663000004366
400,57,leitura,1015.7827000002726
400,57,liberacao,30.167700000674813
400,58,alocacao,81.56650000000809
400,58,escrita,279.13450000050943
400,58,leitura,1019.694999999956
400,58,liberacao,38.982799999757844
400,59,alocacao,142.55809999940539
400,59,escrita,342.6727000005485
400,59,leitura,1222.2680000004402
400,59,liberacao,32.023300000219024
400,60,alocacao,82.69389999986743
400,60,escrita,297.46869999962655
400,60,leitura,1047.602800000277
400,60,liberacao,37.2546999997212
400,61,alocacao,116.89310000019759
400,61,escrita,348.79129999990255
400,61,leitura,1031.4008000004833
400,61,liberacao,30.772600000091188
400,62,alocacao,78.32049999979063
400,62,escrita,288.6078000001362
400,62,leitura,1027.2455000003902
400,62,liberacao,33.813500000178465
400,63,alocacao,81.12429999982851
400,63,escrita,285.86410000025353
400,63,leitura,1035.831700000017
400,63,liberacao,37.06099999999424
400,64,alocacao,118.64430000059656
400,64,escrita,360.37820000001375
400,64,leitura,1200.3597000002628
400,64,liberacao,31.514199999946868
400,65,alocacao,89.47549999993498
400,65,escrita,312.2317999996085
400,65,leitura,1242.4544999994396
400,65,liberacao,30.276499999672524
400,66,alocacao,83.82780000010825
400,66,escrita,313.84799999977986
400,66,leitura,1805.3366000003734
400,66,liberacao,33.53319999951054
400,67,alocacao,97.75519999948301
400,67,escrita,298.407600000246
400,67,leitura,1201.4988999999332
400,67,liberacao,30.20829999968555
400,68,alocacao,89.63159999984782
400,68,escrita,306.58239999957004
400,68,leitura,1023.3926999999312
400,68,liberacao,37.77609999997367
400,69,alocacao,117.69550000008167
400,69,escrita,349.3843999995079
400,69,leitura,1025.247099999433
400,69,liberacao,36.27849999975297
400,70,alocacao,117.80300000009447
400,70,escrita,307.4817999995503
400,70,leitura,1040.3283999994528
400,70,liberacao,29.661500000656815
400,71,alocacao,82.78819999941334
400,71,escrita,290.80939999948896
400,71,leitura,1211.2317999999505
400,71,liberacao,35.36309999981313
400,72,alocacao,90.67999999933818
400,72,escrita,292.5803999996788
400,72,leitura,1018.9626999999746
400,72,liberacao,30.709399999977904
400,73,alocacao,79.54810000046564
400,73,escrita,292.7692000002935
400,73,leitura,1017.5031999997373
400,73,liberacao,29.845099999874947
400,74,alocacao,84.85270000073797
400,74,escrita,270.36909999969794
400,74,leitura,1160.5027000005066
400,74,liberacao,40.52060000049096
400,75,alocacao,117.78979999962758
400,75,escrita,354.21580000001995
400,75,leitura,1041.867099999763
400,75,liberacao,30.157600000165985
400,76,alocacao,88.1134999999631
400,76,escrita,294.9391000001924
400,76,leitura,1223.6990999999762
400,76,liberacao,36.481000000094355
400,77,alocacao,79.4834999996965
400,77,escrita,277.81529999992927
400,77,leitura,1161.323799999991
400,77,liberacao,32.536800000343646
400,78,alocacao,80.44410000002244
400,78,escrita,291.89059999953315
400,78,leitura,1035.5695999996897
400,78,liberacao,31.932500000039
400,79,alocacao,89.76110000003246
400,79,escrita,296.18980000032025
400,79,leitura,1150.8561999999074
400,79,liberacao,35.2258000002621
400,80,alocacao,79.33930000035616
400,80,escrita,281.86749999986205
400,80,leitura,1180.4737000002206
400,80,liberacao,32.15569999974832
400,81,alocacao,80.81599999968603
400,81,escrita,292.64510000029986
400,81,leitura,1275.6122999999207
400,81,liberacao,39.09399999974994
400,82,alocacao,95.44060000007448
400,82,escrita,322.0778999993854
400,82,leitura,1013.0484000001161
400,82,liberacao,36.257100000511855
400,83,alocacao,115.00439999963419
400,83,escrita,311.5121000000727
400,83,leitura,1016.2991000006514
400,83,liberacao,33.74510000048758
400,84,alocacao,80.43140000063431
400,84,escrita,284.03270000035263
400,84,leitura,1185.1738000004843
400,84,liberacao,32.18090000063967
400,85,alocacao,85.63670000057755
400,85,escrita,297.97400000006746
400,85,leitura,1016.253300000244
400,85,liberacao,35.69699999934528
400,86,alocacao,85.74620000035793
400,86,escrita,289.67959999954473
400,86,leitura,1182.3160000003554
400,86,liberacao,33.61990000030346
400,87,alocacao,79.65260000037233
400,87,escrita,297.6539999999659
400,87,leitura,1172.9918999999427
400,87,liberacao,37.65690000000177
400,88,alocacao,134.92990000031568
400,88,escrita,349.67389999928855
400,88,leitura,1045.529500000157
400,88,liberacao,33.07479999966745
400,89,alocacao,93.22100000008504
400,89,escrita,287.9065000006449
400,89,leitura,1184.6279999999751
400,89,liberacao,36.85849999965285
400,90,alocacao,97.00140000040847
400,90,escrita,295.30849999991915
400,90,leitura,1183.8945999998032
400,90,liberacao,29.949300000225776
400,91,alocacao,84.29720000003726
400,91,escrita,278.16580000035174
400,91,leitura,1016.7810000002646
400,91,liberacao,40.92260000015813
400,92,alocacao,114.8481999998694
400,92,escrita,363.77269999957207
400,92,leitura,1018.0609999997614
400,92,liberacao,31.040500000017346
400,93,alocacao,80.28500000000349
400,93,escrita,285.41409999979805
400,93,leitura,1022.5526000003811
400,93,liberacao,30.211899999812886
400,94,alocacao,79.63569999992615
400,94,escrita,290.8973999992668
400,94,leitura,1232.9771000004257
400,94,liberacao,36.59120000065741
400,95,alocacao,88.67819999977655
400,95,escrita,300.3028000002814
400,95,leitura,1019.7919000002003
400,95,liberacao,38.63309999997
400,96,alocacao,118.45020000055229
400,96,escrita,561.6631000002599
400,96,leitura,1020.5011999996714
400,96,liberacao,32.88940000038565
400,97,alocacao,78.85290000012901
400,97,escrita,283.6851000001843
400,97,leitura,1014.7845999999845
400,97,liberacao,32.00049999941257
400,98,alocacao,81.1161000001448
400,98,escrita,285.8619999997245
400,98,leitura,1050.6009000000631
400,98,liberacao,40.83770000033837
400,99,alocacao,92.16670000023441
400,99,escrita,332.68320000024687
400,99,leitura,1221.7388999997638
400,99,liberacao,38.468799999463954
400,100,alocacao,121.84890000025916
400,100,escrita,510.77450000047975
400,100,leitura,1022.934499999792
400,100,liberacao,36.41349999998056
500,1,alocacao,148.0891999999585
500,1,escrita,454.2306000003009
500,1,leitura,1264.3841999997676
500,1,liberacao,38.770999999542255
500,2,alocacao,110.80349999974715
500,2,escrita,368.7325000000783
500,2,leitura,1530.6644000002052
500,2,liberacao,30.902399999831687
500,3,alocacao,108.42789999969682
500,3,escrita,497.5413000001936
500,3,leitura,1493.740500000058
500,3,liberacao,41.1472000005233
500,4,alocacao,113.51679999916087
500,4,escrita,565.9587999998621
500,4,leitura,1300.1191000003018
500,4,liberacao,32.59809999963181
500,5,alocacao,107.67099999975471
500,5,escrita,368.94389999997657
500,5,leitura,1278.3088999995016
500,5,liberacao,34.12269999989803
500,6,alocacao,101.41060000023572
500,6,escrita,364.7860999999466
500,6,leitura,1274.9143000000913
500,6,liberacao,34.86109999994369
500,7,alocacao,99.04770000048302
500,7,escrita,345.894899999621
500,7,leitura,1311.2028999994436
500,7,liberacao,36.61110000030021
500,8,alocacao,108.32620000019233
500,8,escrita,373.6207000001741
500,8,leitura,1459.1997999996238
500,8,liberacao,143.79450000069482
500,9,alocacao,157.0495000005394
500,9,escrita,402.6778999996168
500,9,leitura,1270.1555999992706
500,9,liberacao,37.57540000060544
500,10,alocacao,111.06430000018008
500,10,escrita,336.9017000004533
500,10,leitura,1269.6645000005446
500,10,liberacao,43.906500000048254
500,11,alocacao,140.57929999944463
500,11,escrita,442.13810000019294
500,11,leitura,1270.2613999999812
500,11,liberacao,36.97039999951812
500,12,alocacao,100.07430000041495
500,12,escrita,347.0440000000963
500,12,leitura,1413.8942999998108
500,12,liberacao,41.22839999945427
500,13,alocacao,144.68269999997574
500,13,escrita,431.82769999930315
500,13,leitura,1272.2100000000864
500,13,liberacao,34.71999999965192
500,14,alocacao,103.11360000014247
500,14,escrita,351.3456999999107
500,14,leitura,1399.14250000038
500,14,liberacao,36.17789999952947
500,15,alocacao,99.06930000033753
500,15,escrita,381.2557999999626
500,15,leitura,1291.380599999684
500,15,liberacao,33.68380000028992
500,16,alocacao,117.51290000029257
500,16,escrita,372.45140000050014
500,16,leitura,1609.8957000003793
500,16,liberacao,39.93209999953251
500,17,alocacao,138.83330000044225
500,17,escrita,454.5823999997083
500,17,leitura,1431.7345999997997
500,17,liberacao,39.91940000014438
500,18,alocacao,101.5983999996024
500,18,escrita,373.5234000005221
500,18,leitura,1446.916599999895
500,18,liberacao,35.945900000115216
500,19,alocacao,115.2738999999201
500,19,escrita,374.0944999999556
500,19,leitura,1453.0099999992672
500,19,liberacao,34.13819999968837
500,20,alocacao,99.21120000035444
500,20,escrita,366.2671000001865
500,20,leitura,1271.4481000002706
500,20,liberacao,33.840399999462534
500,21,alocacao,113.36370000026363
500,21,escrita,369.3051000000196
500,21,leitura,1270.7318000002488
500,21,liberacao,34.746000000268396
500,22,alocacao,102.53959999954532
500,22,escrita,364.9459999996907
500,22,leitura,1272.5739999996222
500,22,liberacao,39.24079999978858
500,23,alocacao,96.52880000066943
500,23,escrita,341.6316000002553
500,23,leitura,1266.1498999996184
500,23,liberacao,45.52289999992354
500,24,alocacao,143.07599999938247
500,24,escrita,437.7939999994851
500,24,leitura,1419.311800000287
500,24,liberacao,37.57099999984348
500,25,alocacao,107.26809999960096
500,25,escrita,365.7176000006075
500,25,leitura,1267.7813000000242
500,25,liberacao,35.262800000054995
500,26,alocacao,112.24420000053215
500,26,escrita,404.269600000589
500,26,leitura,1730.1239999997051
500,26,liberacao,37.43370000029245
500,27,alocacao,119.33010000029753
500,27,escrita,388.9036999999007
500,27,leitura,1506.0540999993464
500,27,liberacao,35.28029999961291
500,28,alocacao,108.44280000037543
500,28,escrita,366.35409999962576
500,28,leitura,1538.1502999998702
500,28,liberacao,34.74090000054275
500,29,alocacao,106.66370000035386
500,29,escrita,365.4009000001679
500,29,leitura,1409.6384000004036
500,29,liberacao,40.07610000007844
500,30,alocacao,143.19660000001022
500,30,escrita,505.06530000075145
500,30,leitura,1402.2780000004786
500,30,liberacao,40.44320000048174
500,31,alocacao,139.0277000000424
500,31,escrita,437.7295000003869
500,31,leitura,1268.4280000003127
500,31,liberacao,34.41410000050382
500,32,alocacao,102.44630000033794
500,32,escrita,354.5473000003767
500,32,leitura,1454.7481999998126
500,32,liberacao,34.88519999973505
500,33,alocacao,100.1168000002508
500,33,escrita,361.9365000004109
500,33,leitura,1505.8944000002157
500,33,liberacao,44.247200000427256
500,34,alocacao,117.26769999950193
500,34,escrita,415.05469999992783
500,34,leitura,1313.5642000006555
500,34,liberacao,41.098800000327174
500,35,alocacao,108.06139999931474
500,35,escrita,371.29079999976966
500,35,leitura,1868.6304000002565
500,35,liberacao,44.8406999994404
500,36,alocacao,127.01359999937267
500,36,escrita,446.3660000001255
500,36,leitura,1988.9592999998058
500,36,liberacao,33.744299999852956
500,37,alocacao,111.00989999977173
500,37,escrita,382.3483000005581
500,37,leitura,1640.4842000001736
500,37,liberacao,43.83779999989201
500,38,alocacao,142.7917000000889
500,38,escrita,541.6943000000174
500,38,leitura,1643.8938000001144
500,38,liberacao,34.47349999987637
500,39,alocacao,110.92670000016369
500,39,escrita,518.6102999996365
500,39,leitura,1300.107900000512
500,39,liberacao,35.59049999967101
500,40,alocacao,294.766900000468
500,40,escrita,635.2108000000953
500,40,leitura,1644.8639999998704
500,40,liberacao,36.95100000004459
500,41,alocacao,103.7304999999833
500,41,escrita,359.0039999999135
500,41,leitura,1665.5941999997594
500,41,liberacao,39.45449999991979
500,42,alocacao,145.99150000049121
500,42,escrita,534.6672999994553
500,42,leitura,1470.7847999998194
500,42,liberacao,39.57369999989169
500,43,alocacao,103.27830000005633
500,43,escrita,541.3336000001436
500,43,leitura,1491.155799999433
500,43,liberacao,42.97390000010637
500,44,alocacao,117.79540000043198
500,44,escrita,358.8958999998795
500,44,leitura,1278.9169999996375
500,44,liberacao,41.20559999955731
500,45,alocacao,141.89210000040475
500,45,escrita,450.3906999998435
500,45,leitura,1293.4835000005478
500,45,liberacao,39.90350000003673
500,46,alocacao,139.06599999972968
500,46,escrita,444.8387000002185
500,46,leitura,1274.82929999951
500,46,liberacao,32.58120000009512
500,47,alocacao,98.40170000006765
500,47,escrita,359.4261000007464
500,47,leitura,1291.7374999997264
500,47,liberacao,36.48429999975633
500,48,alocacao,99.6354999997493
500,48,escrita,366.2123000003703
500,48,leitura,1612.9187999995338
500,48,liberacao,38.53219999928115
500,49,alocacao,110.06699999961711
500,49,escrita,369.9663999996119
500,49,leitura,1307.1360999992976
500,49,liberacao,39.61489999983314
500,50,alocacao,115.15529999996943
500,50,escrita,419.4814000002225
500,50,leitura,1502.281099999891
500,50,liberacao,33.908700000210956
500,51,alocacao,115.3957000005903
500,51,escrita,364.00010000033944
500,51,leitura,1277.5013999998919
500,51,liberacao,34.990299999662966
500,52,alocacao,100.1696000002994
500,52,escrita,381.1618999998245
500,52,leitura,1266.1486000006335
500,52,liberacao,41.30710000026738
500,53,alocacao,99.89359999963199
500,53,escrita,344.2297999999937
500,53,leitura,1276.03900000031
500,53,liberacao,43.11760000018694
500,54,alocacao,139.1544000007343
500,54,escrita,439.5574000000124
500,54,leitura,1288.655600000311
500,54,liberacao,39.874199999758275
500,55,alocacao,116.19140000038897
500,55,escrita,402.0204999997077
500,55,leitura,1290.3243000000657
500,55,liberacao,35.92190000017581
500,56,alocacao,99.68499999922642
500,56,escrita,367.4234999998589
500,56,leitura,1445.0223000003461
500,56,liberacao,34.43379999953322
500,57,alocacao,100.85090000029595
500,57,escrita,375.55280000015046
500,57,leitura,1284.4308000003366
500,57,liberacao,35.74740000021848
500,58,alocacao,100.36570000011125
500,58,escrita,364.77860000013607
500,58,leitura,1463.9784000000873
500,58,liberacao,32.49070000038046
500,59,alocacao,116.28879999989294
500,59,escrita,367.24879999928817
500,59,leitura,1280.7432999998127
500,59,liberacao,36.53539999959321
500,60,alocacao,98.70479999972304
500,60,escrita,355.9758999999758
500,60,leitura,1278.382600000441
500,60,liberacao,34.33159999985946
500,61,alocacao,98.96459999981744
500,61,escrita,374.4605000001684
500,61,leitura,1275.7018999991487
500,61,liberacao,35.089699999844015
500,62,alocacao,105.29679999945074
500,62,escrita,360.6713999997737
500,62,leitura,1270.3823000001648
500,62,liberacao,35.16769999987446
500,63,alocacao,102.13139999996201
500,63,escrita,368.5630999998466
500,63,leitura,1289.8037000004479
500,63,liberacao,35.20310000021709
500,64,alocacao,112.91419999997743
500,64,escrita,378.01560000025347
500,64,leitura,1278.7595999998302
500,64,liberacao,39.296800000556686
500,65,alocacao,149.066999999377
500,65,escrita,454.53079999970214
500,65,leitura,1461.9069000000309
500,65,liberacao,38.47260000020469
500,66,alocacao,102.54890000032901
500,66,escrita,357.5234999998429
500,66,leitura,1278.101500000048
500,66,liberacao,34.7713000001022
500,67,alocacao,98.82099999958882
500,67,escrita,393.6412000002747
500,67,leitura,1285.7105000002775
500,67,liberacao,31.890300000668503
500,68,alocacao,100.23180000007414
500,68,escrita,352.45470000063506
500,68,leitura,1285.613099999864
500,68,liberacao,33.96890000021813
500,69,alocacao,100.68610000053013
500,69,escrita,399.64340000005905
500,69,leitura,1441.79720000011
500,69,liberacao,37.46289999980945
500,70,alocacao,111.95690000022296
500,70,escrita,390.3270999999222
500,70,leitura,1287.3076999994737
500,70,liberacao,33.63600000011502
500,71,alocacao,101.09839999950054
500,71,escrita,366.83179999999993
500,71,leitura,1266.4608000004591
500,71,liberacao,34.25079999942682
500,72,alocacao,107.06440000012662
500,72,escrita,366.05970000073285
500,72,leitura,1281.7818000003172
500,72,liberacao,36.11399999954301
500,73,alocacao,98.95439999945665
500,73,escrita,367.7096999999776
500,73,leitura,1263.6709999997038
500,73,liberacao,39.19270000005781
500,74,alocacao,102.15210000023944
500,74,escrita,363.80189999999857
500,74,leitura,1282.3452000002362
500,74,liberacao,38.45779999937804
500,75,alocacao,100.59050000018033
500,75,escrita,369.9395000003278
500,75,leitura,1271.7354000005798
500,75,liberacao,40.21460000058141
500,76,alocacao,138.83230000010371
500,76,escrita,439.27979999989475
500,76,leitura,1308.2598000000871
500,76,liberacao,36.71500000018568
500,77,alocacao,107.52429999956803
500,77,escrita,359.1581999999107
500,77,leitura,1265.1636999999027
500,77,liberacao,33.87830000065151
500,78,alocacao,100.64070000044012
500,78,escrita,365.8843999992314
500,78,leitura,1426.618999999846
500,78,liberacao,35.55219999998371
500,79,alocacao,98.43559999990248
500,79,escrita,381.0828000005131
500,79,leitura,1308.2997000001342
500,79,liberacao,34.90479999982199
500,80,alocacao,98.38929999932589
500,80,escrita,359.4081000001097
500,80,leitura,1383.4311999999045
500,80,liberacao,37.58500000003551
500,81,alocacao,108.18120000021736
500,81,escrita,374.1189000002123
500,81,leitura,1408.6638999997376
500,81,liberacao,38.86009999951057
500,82,alocacao,102.1416000003228
500,82,escrita,361.1909999999625
500,82,leitura,1408.693499999572
500,82,liberacao,34.599700000399025
500,83,alocacao,120.74560000019119
500,83,escrita,380.3711000000476
500,83,leitura,1273.0814999995346
500,83,liberacao,41.7859999997745
500,84,alocacao,138.1984999998167
500,84,escrita,443.4524999996938
500,84,leitura,1289.4252999994933
500,84,liberacao,36.46000000026106
500,85,alocacao,113.52389999956358
500,85,escrita,369.9819000003117
500,85,leitura,1449.439799999709
500,85,liberacao,41.23600000002625
500,86,alocacao,139.12960000016028
500,86,escrita,431.9980999998734
500,86,leitura,1266.3835000003019
500,86,liberacao,41.38349999993807
500,87,alocacao,143.17899999969086
500,87,escrita,436.6533000002164
500,87,leitura,1291.474300000118
500,87,liberacao,34.554799999568786
500,88,alocacao,107.09630000019388
500,88,escrita,463.1128000000899
500,88,leitura,1291.958099999647
500,88,liberacao,39.54330000033224
500,89,alocacao,136.94219999979396
500,89,escrita,441.9316000003164
500,89,leitura,1293.8407999999981
500,89,liberacao,33.931699999811826
500,90,alocacao,110.65610000059678
500,90,escrita,366.6597000001275
500,90,leitura,1447.7896999997029
500,90,liberacao,39.9875000002794
500,91,alocacao,109.36149999997724
500,91,escrita,372.0157999996445
500,91,leitura,1275.5286000001433
500,91,liberacao,34.19160000066768
500,92,alocacao,99.05529999923601
500,92,escrita,372.15199999991455
500,92,leitura,1291.4052999994965
500,92,liberacao,33.51309999925434
500,93,alocacao,100.76529999969353
500,93,escrita,372.40879999990284
500,93,leitura,1273.406199999954
500,93,liberacao,42.599800000061805
500,94,alocacao,154.5446999998603
500,94,escrita,600.0821999996333
500,94,leitura,1272.695399999975
500,94,liberacao,35.11479999997391
500,95,alocacao,123.89930000063032
500,95,escrita,391.5511000004699
500,95,leitura,1293.2100999996692
500,95,liberacao,39.61100000014994
500,96,alocacao,138.98950000020704
500,96,escrita,385.1782000001549
500,96,leitura,1277.7850000002218
500,96,liberacao,36.24199999921984
500,97,alocacao,100.74850000000879
500,97,escrita,365.80340000000433
500,97,leitura,1302.2799000000305
500,97,liberacao,33.74530000019149
500,98,alocacao,114.57619999964663
500,98,escrita,373.7015999995492
500,98,leitura,1462.10340000016
500,98,liberacao,40.15429999981279
500,99,alocacao,143.09589999993477
500,99,escrita,427.3291999998037
500,99,leitura,1270.0677000002543
500,99,liberacao,39.05829999985144
500,100,alocacao,137.43840000006458
500,100,escrita,436.60859999999957
500,100,leitura,1272.1585999997842
500,100,liberacao,35.800799999378796
600,1,alocacao,121.33610000000772
600,1,escrita,446.0356999998112
600,1,leitura,1655.8742999995957
600,1,liberacao,53.61709999942832
600,2,alocacao,144.24629999939498
600,2,escrita,734.8363000000973
600,2,leitura,1537.8927000001568
600,2,liberacao,41.01900000023306
600,3,alocacao,133.16000000031636
600,3,escrita,448.62839999950666
600,3,leitura,1543.2302999997773
600,3,liberacao,42.8314999999202
600,4,alocacao,120.89109999942593
600,4,escrita,424.1871000003812
600,4,leitura,1548.5309000005145
600,4,liberacao,41.28320000017993
600,5,alocacao,136.0253000002558
600,5,escrita,440.6631000001653
600,5,leitura,1686.7415000006076
600,5,liberacao,47.90000000048167
600,6,alocacao,177.64600000009523
600,6,escrita,522.7237999997669
600,6,leitura,1891.3580999997066
600,6,liberacao,43.99879999982659
600,7,alocacao,137.67809999990277
600,7,escrita,449.3859000003795
600,7,leitura,1603.5422000004473
600,7,liberacao,42.13609999987966
600,8,alocacao,133.53229999938776
600,8,escrita,439.8314999998547
600,8,leitura,1869.0097999997306
600,8,liberacao,41.104200000518176
600,9,alocacao,131.84459999956744
600,9,escrita,452.1682000004148
600,9,leitura,2030.4550000000745
600,9,liberacao,45.098999999936495
600,10,alocacao,137.86250000066502
600,10,escrita,449.8162999998385
600,10,leitura,2100.6658999995125
600,10,liberacao,46.705600000677805
600,11,alocacao,138.81660000060947
600,11,escrita,456.83919999919453
600,11,leitura,1709.970599999906
600,11,liberacao,49.3110000006709
600,12,alocacao,139.5113999997193
600,12,escrita,516.8833000006998
600,12,leitura,1522.496499999761
600,12,liberacao,42.4540000003617
600,13,alocacao,135.25180000033288
600,13,escrita,439.3521000001783
600,13,leitura,1566.3195000006453
600,13,liberacao,40.929299999334035
600,14,alocacao,130.47670000014477
600,14,escrita,459.6318000003521
600,14,leitura,1723.317599999973
600,14,liberacao,41.98469999937515
600,15,alocacao,134.6875999997792
600,15,escrita,482.34709999996994
600,15,leitura,1736.145800000486
600,15,liberacao,41.24039999987872
600,16,alocacao,132.13839999934862
600,16,escrita,447.0654000006107
600,16,leitura,1858.5288999993281
600,16,liberacao,49.78720000053727
600,17,alocacao,136.1836999994921
600,17,escrita,490.7277000002068
600,17,leitura,1516.417700000602
600,17,liberacao,48.23130000022502
600,18,alocacao,135.72359999943728
600,18,escrita,441.4041999998517
600,18,leitura,1728.4884999999122
600,18,liberacao,40.40179999992688
600,19,alocacao,120.77690000023722
600,19,escrita,429.51979999998
600,19,leitura,1711.0554000000775
600,19,liberacao,40.810399999827496
600,20,alocacao,132.6894000003449
600,20,escrita,431.14370000057534
600,20,leitura,1554.9749000001611
600,20,liberacao,47.30710000058025
600,21,alocacao,126.10500000027969
600,21,escrita,439.64409999989584
600,21,leitura,1559.7664999995686
600,21,liberacao,50.257699999747274
600,22,alocacao,135.91660000020056
600,22,escrita,451.6360000006898
600,22,leitura,1743.959100000211
600,22,liberacao,41.736999999557156
600,23,alocacao,134.25420000021404
600,23,escrita,453.9278000002014
600,23,leitura,1825.7451000008587
600,23,liberacao,49.19250000057218
600,24,alocacao,137.2758999996222
600,24,escrita,686.6988000001584
600,24,leitura,1792.1144000001732
600,24,liberacao,42.02099999929487
600,25,alocacao,142.33469999999215
600,25,escrita,452.0490000004429
600,25,leitura,1681.6482000003816
600,25,liberacao,49.32410000037635
600,26,alocacao,137.11919999968813
600,26,escrita,465.5190000003131
600,26,leitura,1889.0050999998493
600,26,liberacao,48.88039999968896
600,27,alocacao,141.50669999980892
600,27,escrita,520.4389999998966
600,27,leitura,1713.2043000001431
600,27,liberacao,40.5295999998998
600,28,alocacao,121.4402000005066
600,28,escrita,437.2705000005226
600,28,leitura,1706.2947000003987
600,28,liberacao,42.0377999998891
600,29,alocacao,134.23930000044493
600,29,escrita,413.51209999993443
600,29,leitura,1689.1149999992194
600,29,liberacao,42.03979999965668
600,30,alocacao,131.75990000036109
600,30,escrita,445.5521999998382
600,30,leitura,1871.9862999996622
600,30,liberacao,42.475000000194996
600,31,alocacao,135.3068999997049
600,31,escrita,459.1904999997496
600,31,leitura,1678.320299999541
600,31,liberacao,47.893899999507994
600,32,alocacao,166.8485000000146
600,32,escrita,489.5786999995835
600,32,leitura,1537.7299000001585
600,32,liberacao,40.246500000648666
600,33,alocacao,133.95570000011503
600,33,escrita,452.0342999994682
600,33,leitura,1539.9324999998498
600,33,liberacao,40.27299999961542
600,34,alocacao,120.89580000065325
600,34,escrita,438.1195000005391
600,34,leitura,1734.642200000053
600,34,liberacao,41.08769999947981
600,35,alocacao,133.19740000042657
600,35,escrita,456.7302999994354
600,35,leitura,1956.0017999992851
600,35,liberacao,47.26680000021588
600,36,alocacao,140.54719999967347
600,36,escrita,456.5437999999631
600,36,leitura,1864.0586999999869
600,36,liberacao,49.52469999989262
600,37,alocacao,129.5341000004555
600,37,escrita,447.37200000054145
600,37,leitura,1687.3870999997962
600,37,liberacao,43.155100000149105
600,38,alocacao,119.01880000004894
600,38,escrita,426.8943999995827
600,38,leitura,1544.0408999993451
600,38,liberacao,44.24269999981334
600,39,alocacao,135.25269999990996
600,39,escrita,590.9888999995019
600,39,leitura,1716.2618000002112
600,39,liberacao,40.18839999935153
600,40,alocacao,129.90090000039345
600,40,escrita,448.2527000000118
600,40,leitura,1719.9800999997024
600,40,liberacao,42.6939000008133
600,41,alocacao,130.52969999989728
600,41,escrita,440.3425000000425
600,41,leitura,1874.1195000002335
600,41,liberacao,45.59559999961493
600,42,alocacao,119.7373000004518
600,42,escrita,439.209999999548
600,42,leitura,1684.056099999907
600,42,liberacao,42.23009999986971
600,43,alocacao,124.71039999945788
600,43,escrita,441.3531999998668
600,43,leitura,2009.7319000005882
600,43,liberacao,42.253799999343755
600,44,alocacao,130.65869999991264
600,44,escrita,432.4542999993355
600,44,leitura,1975.461500000165
600,44,liberacao,40.90769999947952
600,45,alocacao,127.87050000042655
600,45,escrita,458.6397000002762
600,45,leitura,1730.4997000001094
600,45,liberacao,45.089599999300845
600,46,alocacao,295.3788999993776
600,46,escrita,442.43159999950876
600,46,leitura,2591.9029999995473
600,46,liberacao,51.59540000022389
600,47,alocacao,135.7505999994828
600,47,escrita,481.7597000001115
600,47,leitura,1710.9066000002713
600,47,liberacao,41.24570000021777
600,48,alocacao,129.49849999949947
600,48,escrita,617.6903000005041
600,48,leitura,1576.7620999995415
600,48,liberacao,41.299599999547354
600,49,alocacao,253.73519999993732
600,49,escrita,450.2793000001475
600,49,leitura,1556.7767000002277
600,49,liberacao,41.38150000017049
600,50,alocacao,119.99250000008033
600,50,escrita,440.54700000015146
600,50,leitura,1534.4003000000157
600,50,liberacao,42.30639999968844
600,51,alocacao,120.50239999916812
600,51,escrita,434.11400000059075
600,51,leitura,1706.7125000003216
600,51,liberacao,45.90030000053957
600,52,alocacao,125.77809999947931
600,52,escrita,447.10399999985384
600,52,leitura,1725.4558999993606
600,52,liberacao,50.42259999936505
600,53,alocacao,138.39850000022125
600,53,escrita,502.05970000024536
600,53,leitura,1546.8816000002334
600,53,liberacao,42.11630000008881
600,54,alocacao,119.52519999977085
600,54,escrita,443.33149999965826
600,54,leitura,1533.0049999993207
600,54,liberacao,41.31760000018403
600,55,alocacao,116.73590000009426
600,55,escrita,432.92250000013155
600,55,leitura,1733.4918999995352
600,55,liberacao,46.96810000041296
600,56,alocacao,130.1207999995313
600,56,escrita,448.62470000043686
600,56,leitura,1578.241799999887
600,56,liberacao,39.37650000079884
600,57,alocacao,133.62819999929343
600,57,escrita,442.427800000587
600,57,leitura,1534.6142999997028
600,57,liberacao,42.25070000029518
600,58,alocacao,117.98840000028576
600,58,escrita,434.8894000004293
600,58,leitura,1715.8220999999685
600,58,liberacao,45.393399999738904
600,59,alocacao,131.52239999999438
600,59,escrita,461.69989999998506
600,59,leitura,1552.5325999997222
600,59,liberacao,46.39339999994263
600,60,alocacao,127.2569000002477
600,60,escrita,441.914099999849
600,60,leitura,1538.9557999997123
600,60,liberacao,42.124699999476434
600,61,alocacao,118.41790000016772
600,61,escrita,445.3252000002976
600,61,leitura,1589.0036000000691
600,61,liberacao,49.81859999952576
600,62,alocacao,169.87030000018422
600,62,escrita,526.2312000004385
600,62,leitura,1576.290799999697
600,62,liberacao,41.65200000079494
600,63,alocacao,133.12370000039664
600,63,escrita,447.8419999995822
600,63,leitura,1540.9048999999868
600,63,liberacao,41.30260000056296
600,64,alocacao,118.02420000003622
600,64,escrita,433.6839000006876
600,64,leitura,1549.8735000001034
600,64,liberacao,51.03679999956512
600,65,alocacao,142.02339999974356
600,65,escrita,489.9276000005557
600,65,leitura,1538.2027999994534
600,65,liberacao,40.64029999972263
600,66,alocacao,117.20750000040425
600,66,escrita,429.80850000003556
600,66,leitura,1534.2378999994253
600,66,liberacao,39.25190000063594
600,67,alocacao,129.37129999954777
600,67,escrita,438.6642999998003
600,67,leitura,1531.5750999998272
600,67,liberacao,42.855900000176916
600,68,alocacao,121.56109999978071
600,68,escrita,425.31020000024
600,68,leitura,1567.764000000352
600,68,liberacao,50.01389999961248
600,69,alocacao,129.5858000003136
600,69,escrita,445.16419999945356
600,69,leitura,1548.3378999997512
600,69,liberacao,50.693000000137545
600,70,alocacao,134.64079999994283
600,70,escrita,464.44789999986824
600,70,leitura,1538.6825000005047
600,70,liberacao,47.042899999723886
600,71,alocacao,148.09340000010707
600,71,escrita,435.8471000005011
600,71,leitura,1530.8169999998427
600,71,liberacao,41.95530000015424
600,72,alocacao,124.26489999961632
600,72,escrita,437.1746999995594
600,72,leitura,1528.5767999994277
600,72,liberacao,40.50210000059451
600,73,alocacao,123.06819999957952
600,73,escrita,434.91329999960726
600,73,leitura,1541.2335000000894
600,73,liberacao,53.38800000026822
600,74,alocacao,169.83580000032816
600,74,escrita,556.0536000002685
600,74,leitura,1557.6689999998052
600,74,liberacao,48.792699999467004
600,75,alocacao,143.2658999992782
600,75,escrita,509.1399000002639
600,75,leitura,1541.3235999994868
600,75,liberacao,42.94509999999718
600,76,alocacao,117.36389999987296
600,76,escrita,435.20360000002256
600,76,leitura,1532.2863000001234
600,76,liberacao,43.84269999991375
600,77,alocacao,122.0647000000099
600,77,escrita,433.5742000002938
600,77,leitura,1533.946599999581
600,77,liberacao,40.4846000001271
600,78,alocacao,121.23999999948865
600,78,escrita,420.0440000004164
600,78,leitura,1536.4563000002818
600,78,liberacao,52.47650000001158
600,79,alocacao,169.1145000004326
600,79,escrita,525.0928000004933
600,79,leitura,1541.932000000088
600,79,liberacao,49.24180000034539
600,80,alocacao,141.1342000001241
600,80,escrita,473.7977000004321
600,80,leitura,1559.2154999994818
600,80,liberacao,40.36120000000665
600,81,alocacao,121.76809999982652
600,81,escrita,424.285900000541
600,81,leitura,1521.063199999844
600,81,liberacao,42.81919999993988
600,82,alocacao,118.41029999959574
600,82,escrita,435.275100000581
600,82,leitura,1566.6614000001573
600,82,liberacao,48.87679999956163
600,83,alocacao,135.42899999993097
600,83,escrita,518.7279000001581
600,83,leitura,1527.495700000145
600,83,liberacao,40.715900000577676
600,84,alocacao,118.38559999978315
600,84,escrita,447.29199999983393
600,84,leitura,1528.7251999998261
600,84,liberacao,39.42019999976765
600,85,alocacao,134.8043999996662
600,85,escrita,441.85399999969377
600,85,leitura,1529.5953999993799
600,85,liberacao,41.09509999943839
600,86,alocacao,118.81870000070194
600,86,escrita,437.3990000003687
600,86,leitura,1524.2927999997846
600,86,liberacao,42.0814999997674
600,87,alocacao,116.64600000040082
600,87,escrita,432.44849999973667
600,87,leitura,1571.0886000006212
600,87,liberacao,44.222399999853224
600,88,alocacao,129.24939999993512
600,88,escrita,453.89299999988
600,88,leitura,1566.3144000000102
600,88,liberacao,43.73970000051486
600,89,alocacao,116.8152000000191
600,89,escrita,432.6842000000397
600,89,leitura,1528.5100000000966
600,89,liberacao,41.35779999978695
600,90,alocacao,120.08240000068326
600,90,escrita,434.0927000002921
600,90,leitura,1539.2527999993035
600,90,liberacao,51.75820000022213
600,91,alocacao,171.91000000002532
600,91,escrita,519.1794000002119
600,91,leitura,1673.774500000036
600,91,liberacao,53.944399999636516
600,92,alocacao,120.49790000037319
600,92,escrita,432.7056000001903
600,92,leitura,1567.846400000235
600,92,liberacao,41.4918000005855
600,93,alocacao,119.36520000017481
600,93,escrita,452.75539999965986
600,93,leitura,1527.965999999651
600,93,liberacao,44.87169999993057
600,94,alocacao,120.42830000063987
600,94,escrita,435.8380000003308
600,94,leitura,1527.0048000002134
600,94,liberacao,41.87920000003942
600,95,alocacao,118.11429999943357
600,95,escrita,419.41679999945336
600,95,leitura,1539.452799999708
600,95,liberacao,43.95870000007562
600,96,alocacao,123.79570000030071
600,96,escrita,430.472799999734
600,96,leitura,1533.0778999996255
600,96,liberacao,40.46120000020892
600,97,alocacao,120.70919999951002
600,97,escrita,422.8045999998358
600,97,leitura,1553.131000000576
600,97,liberacao,42.704099999355094
600,98,alocacao,120.00420000003942
600,98,escrita,422.7596000000631
600,98,leitura,1547.434400000384
600,98,liberacao,41.93379999924218
600,99,alocacao,119.90570000034495
600,99,escrita,434.29270000069664
600,99,leitura,1543.1462999995347
600,99,liberacao,48.21580000043468
600,100,alocacao,118.48680000002787
600,100,escrita,439.5838000000367
600,100,leitura,1547.8076999997938
600,100,liberacao,45.51790000004985
700,1,alocacao,141.1377000003995
700,1,escrita,510.444099999404
700,1,leitura,1812.554299999647
700,1,liberacao,54.470799999762676
700,2,alocacao,162.26069999993342
700,2,escrita,523.742399999719
700,2,leitura,1793.829299999743
700,2,liberacao,53.21670000012091
700,3,alocacao,161.85000000041327
700,3,escrita,540.4977999996845
700,3,leitura,1785.5466999999408
700,3,liberacao,47.11609999958455
700,4,alocacao,140.24979999976495
700,4,escrita,504.0417999998681
700,4,leitura,1813.3963000000222
700,4,liberacao,51.987499999995634
700,5,alocacao,190.91089999983524
700,5,escrita,612.9055000001244
700,5,leitura,1873.4613999995418
700,5,liberacao,45.04059999999299
700,6,alocacao,167.3356999999669
700,6,escrita,533.3403999993607
700,6,leitura,1831.5988999993351
700,6,liberacao,41.38570000031905
700,7,alocacao,160.62160000001313
700,7,escrita,526.1092000000644
700,7,leitura,1835.3591999994023
700,7,liberacao,45.01590000018041
700,8,alocacao,144.17210000010527
700,8,escrita,503.9403000000675
700,8,leitura,1833.9197000004788
700,8,liberacao,48.67310000008729
700,9,alocacao,155.18580000025395
700,9,escrita,502.8143999998065
700,9,leitura,1807.6621999998679
700,9,liberacao,48.662899999726505
700,10,alocacao,149.43370000037248
700,10,escrita,476.2123000000429
700,10,leitura,1818.6387999994622
700,10,liberacao,54.723899999771675
700,11,alocacao,160.96579999975802
700,11,escrita,573.5058000000208
700,11,leitura,1820.3805999992255
700,11,liberacao,45.649300000150106
700,12,alocacao,143.74399999996967
700,12,escrita,514.4243999993705
700,12,leitura,1834.7525999997742
700,12,liberacao,46.73800000000483
700,13,alocacao,145.59319999989384
700,13,escrita,511.2053000002561
700,13,leitura,1877.3722000005364
700,13,liberacao,50.97730000034062
700,14,alocacao,162.1901999997135
700,14,escrita,520.6467999996676
700,14,leitura,1832.0395000000644
700,14,liberacao,48.497499999939464
700,15,alocacao,152.49459999995452
700,15,escrita,519.8546999999962
700,15,leitura,1835.1144999996905
700,15,liberacao,52.51289999978326
700,16,alocacao,196.90330000048561
700,16,escrita,615.3788999999961
700,16,leitura,1785.3273000000627
700,16,liberacao,44.93449999972654
700,17,alocacao,155.3726000001916
700,17,escrita,522.1203999999489
700,17,leitura,1817.6706000003833
700,17,liberacao,45.73249999975815
700,18,alocacao,151.58919999976206
700,18,escrita,530.0412000005963
700,18,leitura,1814.618800000062
700,18,liberacao,53.011899999546586
700,19,alocacao,167.66680000000633
700,19,escrita,567.3958000006678
700,19,leitura,1806.3669000002847
700,19,liberacao,46.153100000083214
700,20,alocacao,153.8648000005196
700,20,escrita,535.3964999994787
700,20,leitura,2230.300299999726
700,20,liberacao,44.62450000028184
700,21,alocacao,148.55890000035288
700,21,escrita,528.1444000002011
700,21,leitura,1849.077799999577
700,21,liberacao,47.679400000561145
700,22,alocacao,153.34590000020398
700,22,escrita,545.7344999995257
700,22,leitura,1815.7455000000482
700,22,liberacao,46.20770000019547
700,23,alocacao,159.38400000050024
700,23,escrita,538.9156999999614
700,23,leitura,1824.8551000006046
700,23,liberacao,46.679199999744014
700,24,alocacao,161.56239999963873
700,24,escrita,516.9691000000967
700,24,leitura,1825.704400000177
700,24,liberacao,45.74339999999211
700,25,alocacao,156.01390000028914
700,25,escrita,552.3189000005004
700,25,leitura,1815.8339999999953
700,25,liberacao,43.558800000027986
700,26,alocacao,160.57029999956285
700,26,escrita,537.6671000003626
700,26,leitura,1787.1581999997943
700,26,liberacao,46.50209999999788
700,27,alocacao,161.5923000008479
700,27,escrita,529.1132000002108
700,27,leitura,1833.8283000002775
700,27,liberacao,46.9559000002846
700,28,alocacao,156.52070000032836
700,28,escrita,524.8183000003337
700,28,leitura,1789.6198999997068
700,28,liberacao,43.87360000055196
700,29,alocacao,155.4230000001553
700,29,escrita,533.9943999997558
700,29,leitura,1785.7327000001533
700,29,liberacao,47.91099999965809
700,30,alocacao,159.1960999994626
700,30,escrita,519.3697999993674
700,30,leitura,2053.28499999996
700,30,liberacao,59.04060000011668
700,31,alocacao,189.03809999937948
700,31,escrita,520.2773999999408
700,31,leitura,2005.5361999993693
700,31,liberacao,55.11370000021998
700,32,alocacao,156.10689999994065
700,32,escrita,529.5633000005182
700,32,leitura,1958.3576999993966
700,32,liberacao,54.85529999987193
700,33,alocacao,161.42519999993965
700,33,escrita,520.4116999993857
700,33,leitura,1784.791099999893
700,33,liberacao,45.89590000068711
700,34,alocacao,158.43060000042897
700,34,escrita,517.7692000006573
700,34,leitura,1817.286000000422
700,34,liberacao,53.904400000647
700,35,alocacao,158.10739999960788
700,35,escrita,503.765100000237
700,35,leitura,1770.0479999994059
700,35,liberacao,52.264100000684266
700,36,alocacao,150.39190000061353
700,36,escrita,516.5309999993042
700,36,leitura,2506.4313000002585
700,36,liberacao,46.09569999956875
700,37,alocacao,160.8111999994435
700,37,escrita,507.3548000000301
700,37,leitura,1853.6002999999255
700,37,liberacao,46.29560000012134
700,38,alocacao,155.12369999942166
700,38,escrita,514.3730999998297
700,38,leitura,1826.8567000004623
700,38,liberacao,45.280400000592635
700,39,alocacao,143.36619999994582
700,39,escrita,533.8899999997011
700,39,leitura,1843.2737000002817
700,39,liberacao,47.67910000009579
700,40,alocacao,150.16600000035396
700,40,escrita,511.4315999999235
700,40,leitura,1793.1580000004033
700,40,liberacao,45.471700000234705
700,41,alocacao,154.68789999977162
700,41,escrita,537.17080000024
700,41,leitura,1785.6107999996311
700,41,liberacao,52.97840000002907
700,42,alocacao,191.04020000031596
700,42,escrita,591.9744000002538
700,42,leitura,1832.3166000000128
700,42,liberacao,44.38720000052854
700,43,alocacao,144.56629999949655
700,43,escrita,529.1594000000259
700,43,leitura,1819.8774000002231
700,43,liberacao,44.21399999955611
700,44,alocacao,143.80930000061198
700,44,escrita,527.9294000001755
700,44,leitura,1838.8138000000254
700,44,liberacao,47.70689999986644
700,45,alocacao,151.08479999980773
700,45,escrita,543.3727999998155
700,45,leitura,1839.739500000178
700,45,liberacao,46.19079999974929
700,46,alocacao,153.98329999970883
700,46,escrita,521.7939999993177
700,46,leitura,1822.1526999996058
700,46,liberacao,47.489300000052026
700,47,alocacao,157.7795999992304
700,47,escrita,520.9069000002273
700,47,leitura,1874.3376000002172
700,47,liberacao,44.85590000058437
700,48,alocacao,156.22559999974328
700,48,escrita,581.582900000285
700,48,leitura,1843.6176000004707
700,48,liberacao,45.74940000020433
700,49,alocacao,156.43400000044494
700,49,escrita,519.8546000001443
700,49,leitura,1820.2644000002692
700,49,liberacao,46.65190000014263
700,50,alocacao,158.01899999951274
700,50,escrita,516.0277999993923
700,50,leitura,1806.4461000003575
700,50,liberacao,46.164800000042305
700,51,alocacao,142.37349999984872
700,51,escrita,525.5256999998892
700,51,leitura,1846.9823999994333
700,51,liberacao,52.97599999994418
700,52,alocacao,162.0874999998705
700,52,escrita,582.9764999998588
700,52,leitura,1998.2810999999856
700,52,liberacao,51.126100000146835
700,53,alocacao,155.32210000037594
700,53,escrita,546.8351999998049
700,53,leitura,1821.5181000005032
700,53,liberacao,46.98319999988598
700,54,alocacao,158.1704999998692
700,54,escrita,522.6937999996153
700,54,leitura,1996.5197000001353
700,54,liberacao,45.29610000008688
700,55,alocacao,151.39799999997194
700,55,escrita,525.2349000002141
700,55,leitura,1831.9111999999222
700,55,liberacao,47.87949999990815
700,56,alocacao,154.75590000005468
700,56,escrita,518.4415000003355
700,56,leitura,1889.9059000004854
700,56,liberacao,51.56870000064373
700,57,alocacao,152.438400000392
700,57,escrita,519.3235999995522
700,57,leitura,1807.3285000000396
700,57,liberacao,46.216699999604316
700,58,alocacao,161.04670000004262
700,58,escrita,540.0457999994615
700,58,leitura,1802.4199000001317
700,58,liberacao,44.75270000057208
700,59,alocacao,151.72490000077232
700,59,escrita,541.7338999995991
700,59,leitura,1814.5851000008406
700,59,liberacao,44.723800000610936
700,60,alocacao,158.1624999998894
700,60,escrita,532.8774999998132
700,60,leitura,1852.6382000000012
700,60,liberacao,45.2370000002702
700,61,alocacao,155.19810000023426
700,61,escrita,503.89650000033726
700,61,leitura,1789.4507999999405
700,61,liberacao,49.32189999999537
700,62,alocacao,140.9059999996316
700,62,escrita,501.8223000006401
700,62,leitura,1818.8883999991958
700,62,liberacao,58.34240000058344
700,63,alocacao,146.17709999947692
700,63,escrita,521.9679000001634
700,63,leitura,1844.7642000000997
700,63,liberacao,48.13949999970646
700,64,alocacao,156.18050000011863
700,64,escrita,537.304899999981
700,64,leitura,1809.2014999992898
700,64,liberacao,45.353200000135985
700,65,alocacao,156.54880000056437
700,65,escrita,525.5385999998907
700,65,leitura,1790.2007000002413
700,65,liberacao,47.67360000005283
700,66,alocacao,165.1109999993423
700,66,escrita,531.1371999996481
700,66,leitura,1785.6265999998868
700,66,liberacao,53.691000000071654
700,67,alocacao,158.97680000034597
700,67,escrita,541.4264000000912
700,67,leitura,1833.7166000001162
700,67,liberacao,45.30109999996057
700,68,alocacao,139.70100000005914
700,68,escrita,509.68509999984235
700,68,leitura,1795.4202000000805
700,68,liberacao,44.602999999369786
700,69,alocacao,143.7616999992315
700,69,escrita,512.4474000003829
700,69,leitura,1825.6056000000171
700,69,liberacao,49.34060000050522
700,70,alocacao,157.6785999995991
700,70,escrita,548.228100000415
700,70,leitura,1842.842400000336
700,70,liberacao,46.44639999969513
700,71,alocacao,156.93970000029367
700,71,escrita,545.06339999989
700,71,leitura,2188.5081000000355
700,71,liberacao,50.7036999997581
700,72,alocacao,151.48439999939
700,72,escrita,567.69069999973
700,72,leitura,1849.5147000003271
700,72,liberacao,45.77039999912813
700,73,alocacao,154.36959999988176
700,73,escrita,516.298800000186
700,73,leitura,2031.2228000002506
700,73,liberacao,43.92989999996644
700,74,alocacao,148.2013000004372
700,74,escrita,527.9811999998856
700,74,leitura,1811.7063999998209
700,74,liberacao,45.240800000101444
700,75,alocacao,160.01649999998335
700,75,escrita,517.3936999999569
700,75,leitura,1819.6004000001267
700,75,liberacao,45.560200000181794
700,76,alocacao,144.28349999980128
700,76,escrita,515.9133999995902
700,76,leitura,1824.4145999997272
700,76,liberacao,50.25420000038139
700,77,alocacao,155.0357999994958
700,77,escrita,568.5754000005545
700,77,leitura,1800.5358000000342
700,77,liberacao,53.263800000422634
700,78,alocacao,142.3560000002908
700,78,escrita,488.20160000013857
700,78,leitura,1805.1418999993984
700,78,liberacao,46.53150000012829
700,79,alocacao,147.15150000029098
700,79,escrita,533.7857999993503
700,79,leitura,1960.8545000000959
700,79,liberacao,49.46509999990667
700,80,alocacao,142.2443999999814
700,80,escrita,517.914699999892
700,80,leitura,1838.2394000000204
700,80,liberacao,44.62150000017573
700,81,alocacao,154.74250000079337
700,81,escrita,528.6062000004677
700,81,leitura,1828.1578000005538
700,81,liberacao,37.91559999990568
700,82,alocacao,160.43640000043524
700,82,escrita,536.047999999937
700,82,leitura,1829.9816999997347
700,82,liberacao,44.00450000048295
700,83,alocacao,146.24079999975947
700,83,escrita,505.28530000065075
700,83,leitura,2014.2454999995607
700,83,liberacao,55.71959999997489
700,84,alocacao,160.05240000049525
700,84,escrita,581.8742000001293
700,84,leitura,1811.8828999995458
700,84,liberacao,48.85100000046805
700,85,alocacao,145.46169999994163
700,85,escrita,524.9662000005628
700,85,leitura,1836.6278999992574
700,85,liberacao,54.17619999934686
700,86,alocacao,159.7172000001592
700,86,escrita,531.1273000006622
700,86,leitura,1824.5736999997462
700,86,liberacao,46.19860000002518
700,87,alocacao,157.01459999945655
700,87,escrita,564.8495000004914
700,87,leitura,1862.6475999999457
700,87,liberacao,45.917800000097486
700,88,alocacao,138.9699000001201
700,88,escrita,519.512200000463
700,88,leitura,1837.1977000006154
700,88,liberacao,47.3612999994657
700,89,alocacao,158.04769999976997
700,89,escrita,540.2654999998049
700,89,leitura,1794.446799999605
700,89,liberacao,45.980900000358815
700,90,alocacao,156.43780000027618
700,90,escrita,520.2782999995179
700,90,leitura,1821.563900000001
700,90,liberacao,46.43690000011702
700,91,alocacao,154.15570000004664
700,91,escrita,548.0139000001145
700,91,leitura,1817.4834999999803
700,91,liberacao,46.76019999988057
700,92,alocacao,153.39760000006208
700,92,escrita,505.89340000078664
700,92,leitura,1855.6817999997293
700,92,liberacao,49.83939999965514
700,93,alocacao,157.19410000019707
700,93,escrita,515.4988000003868
700,93,leitura,1850.3264999999374
700,93,liberacao,45.189899999968475
700,94,alocacao,156.50269999969169
700,94,escrita,522.7302000002965
700,94,leitura,1831.632599999466
700,94,liberacao,45.327699999688775
700,95,alocacao,154.7045999996044
700,95,escrita,522.3052999999709
700,95,leitura,1873.5921999996208
700,95,liberacao,44.9229000005289
700,96,alocacao,159.2462999997224
700,96,escrita,537.6171999996586
700,96,leitura,1857.4039999994056
700,96,liberacao,46.696000000338245
700,97,alocacao,157.156400000531
700,97,escrita,532.254799999464
700,97,leitura,1828.7473999998838
700,97,liberacao,48.77859999942302
700,98,alocacao,152.32319999995525
700,98,escrita,555.2783000002819
700,98,leitura,1821.1447000003318
700,98,liberacao,38.363200000276265
700,99,alocacao,146.84640000086802
700,99,escrita,498.84670000028564
700,99,leitura,1843.1644000002052
700,99,liberacao,46.62020000068878
700,100,alocacao,150.4469000001336
700,100,escrita,516.5548000004492
700,100,leitura,1793.2793999998466
700,100,liberacao,52.62070000026142
800,1,alocacao,182.71780000031868
800,1,escrita,627.5674999997136
800,1,leitura,2307.812699999886
800,1,liberacao,53.13209999985702
800,2,alocacao,185.15709999974206
800,2,escrita,640.3231000003871
800,2,leitura,2064.4931999995606
800,2,liberacao,54.63620000045921
800,3,alocacao,173.47900000004302
800,3,escrita,602.981600000021
800,3,leitura,2085.5519000006097
800,3,liberacao,51.46640000020852
800,4,alocacao,174.94559999977355
800,4,escrita,595.1167000002897
800,4,leitura,2140.1546999995844
800,4,liberacao,58.54559999988851
800,5,alocacao,173.66979999951582
800,5,escrita,602.3220000006404
800,5,leitura,2138.482600000316
800,5,liberacao,53.88470000070811
800,6,alocacao,176.00399999992078
800,6,escrita,603.7187000001722
800,6,leitura,2096.998699999858
800,6,liberacao,63.78650000078778
800,7,alocacao,185.35609999980807
800,7,escrita,647.1407999997609
800,7,leitura,2423.757999999907
800,7,liberacao,69.27499999983411
800,8,alocacao,184.60599999980332
800,8,escrita,721.4612999996461
800,8,leitura,2058.842000000368
800,8,liberacao,53.52700000003097
800,9,alocacao,169.3411999995078
800,9,escrita,618.4468000001289
800,9,leitura,2101.6396000004534
800,9,liberacao,55.23929999981192
800,10,alocacao,161.2685000000056
800,10,escrita,623.3468000000357
800,10,leitura,2092.7472000003036
800,10,liberacao,55.636199999753444
800,11,alocacao,178.50629999975354
800,11,escrita,590.0519999995595
800,11,leitura,2211.932700000034
800,11,liberacao,61.7073999992499
800,12,alocacao,187.83050000001822
800,12,escrita,662.6710999998977
800,12,leitura,2067.8721999993286
800,12,liberacao,54.893300000003364
800,13,alocacao,161.95370000059484
800,13,escrita,601.1940999997023
800,13,leitura,2156.8099999994956
800,13,liberacao,56.39309999969555
800,14,alocacao,177.32429999978194
800,14,escrita,601.8433999997796
800,14,leitura,2106.764199999816
800,14,liberacao,53.004999999757274
800,15,alocacao,172.61789999975008
800,15,escrita,584.6148999999059
800,15,leitura,2169.1037000000506
800,15,liberacao,61.77659999957541
800,16,alocacao,170.67090000000462
800,16,escrita,631.2716000002183
800,16,leitura,2156.980800000383
800,16,liberacao,52.282300000115356
800,17,alocacao,177.83760000020266
800,17,escrita,605.6158000001233
800,17,leitura,2105.69200000009
800,17,liberacao,57.675799999742594
800,18,alocacao,159.06819999963773
800,18,escrita,580.0607999999556
800,18,leitura,2135.1515000005747
800,18,liberacao,52.454300000135845
800,19,alocacao,181.16689999988012
800,19,escrita,597.336699999687
800,19,leitura,2074.325300000055
800,19,liberacao,50.638700000490644
800,20,alocacao,159.68380000049365
800,20,escrita,594.4888999993054
800,20,leitura,2133.106599999337
800,20,liberacao,56.039899999632325
800,21,alocacao,171.41960000026302
800,21,escrita,600.1559999995152
800,21,leitura,2067.402000000584
800,21,liberacao,56.49069999981293
800,22,alocacao,183.4023999999772
800,22,escrita,580.3335999999035
800,22,leitura,2693.037999999433
800,22,liberacao,58.00400000043737
800,23,alocacao,184.63000000065222
800,23,escrita,653.8620999999694
800,23,leitura,2422.7582000003167
800,23,liberacao,54.95710000013787
800,24,alocacao,197.02830000005633
800,24,escrita,688.1415999996534
800,24,leitura,2520.0206999998045
800,24,liberacao,54.56270000013319
800,25,alocacao,186.80610000046727
800,25,escrita,632.8859999994165
800,25,leitura,2571.2876999996297
800,25,liberacao,61.4237999998295
800,26,alocacao,193.05830000030255
800,26,escrita,650.5416999998488
800,26,leitura,2412.6452999998946
800,26,liberacao,69.91949999974167
800,27,alocacao,197.5216000000728
800,27,escrita,671.2605000002441
800,27,leitura,2449.0529000004244
800,27,liberacao,69.68000000051688
800,28,alocacao,182.6680000003762
800,28,escrita,688.6953000002904
800,28,leitura,2327.8135999998995
800,28,liberacao,58.039600000483915
800,29,alocacao,200.61559999976453
800,29,escrita,931.22349999976
800,29,leitura,2501.5526999995927
800,29,liberacao,63.924199999746634
800,30,alocacao,218.96650000053342
800,30,escrita,754.1394999998374
800,30,leitura,2604.4556000006196
800,30,liberacao,172.90520000005927
800,31,alocacao,212.07219999996596
800,31,escrita,778.0253999999331
800,31,leitura,2374.3841000004977
800,31,liberacao,59.494800000720716
800,32,alocacao,182.16949999987264
800,32,escrita,846.3676999999734
800,32,leitura,2148.3791000000565
800,32,liberacao,55.1831000002494
800,33,alocacao,200.7118999999875
800,33,escrita,646.4919000000009
800,33,leitura,2524.3050000008225
800,33,liberacao,56.367600000157836
800,34,alocacao,195.98150000001624
800,34,escrita,650.9482000001299
800,34,leitura,2160.027699999773
800,34,liberacao,53.5916000008001
800,35,alocacao,178.03300000014133
800,35,escrita,642.152299999907
800,35,leitura,2314.7816999999122
800,35,liberacao,55.30799999996816
800,36,alocacao,197.25799999923765
800,36,escrita,758.7306000004901
800,36,leitura,2647.678199999973
800,36,liberacao,60.82779999997001
800,37,alocacao,191.9612000001507
800,37,escrita,698.2411000008142
800,37,leitura,2503.146399999423
800,37,liberacao,56.66340000061609
800,38,alocacao,190.25650000003225
800,38,escrita,706.435899999633
800,38,leitura,2716.5531999999075
800,38,liberacao,62.087700000120094
800,39,alocacao,190.2661000003718
800,39,escrita,729.583499999535
800,39,leitura,2529.423900000438
800,39,liberacao,53.78130000008241
800,40,alocacao,203.49140000053012
800,40,escrita,740.9957999998369
800,40,leitura,2141.9968999998673
800,40,liberacao,63.334499999655236
800,41,alocacao,174.7345999992831
800,41,escrita,649.3178999999145
800,41,leitura,2398.787699999957
800,41,liberacao,57.54549999983283
800,42,alocacao,209.41020000009303
800,42,escrita,638.3610000002591
800,42,leitura,2539.9232999998276
800,42,liberacao,57.069399999818415
800,43,alocacao,177.02120000012656
800,43,escrita,783.5984000003009
800,43,leitura,2505.7331999996677
800,43,liberacao,55.09710000023915
800,44,alocacao,196.8529000005219
800,44,escrita,617.1549000000596
800,44,leitura,2080.6382999999187
800,44,liberacao,53.57240000012098
800,45,alocacao,181.65809999936755
800,45,escrita,807.6741000004404
800,45,leitura,2758.966899999905
800,45,liberacao,65.9973000001628
800,46,alocacao,358.2415000000765
800,46,escrita,645.8473000002414
800,46,leitura,2538.4107999998378
800,46,liberacao,52.765599999474944
800,47,alocacao,233.38560000047437
800,47,escrita,1021.5005000000019
800,47,leitura,2801.7140000001746
800,47,liberacao,60.613000000557804
800,48,alocacao,170.07969999940542
800,48,escrita,724.605899999915
800,48,leitura,2260.2351000005
800,48,liberacao,48.55370000041148
800,49,alocacao,212.2586000004958
800,49,escrita,851.6009000004487
800,49,leitura,3056.2478000001647
800,49,liberacao,66.00100000014208
800,50,alocacao,188.91339999936463
800,50,escrita,642.5894000003609
800,50,leitura,2129.0861999996196
800,50,liberacao,56.77789999936067
800,51,alocacao,188.7894999999844
800,51,escrita,630.7154999994964
800,51,leitura,2141.167800000403
800,51,liberacao,52.37010000018927
800,52,alocacao,174.96480000045267
800,52,escrita,599.515999999312
800,52,leitura,2145.780300000297
800,52,liberacao,54.569200000514684
800,53,alocacao,174.88120000052731
800,53,escrita,605.4053000007116
800,53,leitura,2101.1092999997345
800,53,liberacao,52.41959999966639
800,54,alocacao,161.04949999953533
800,54,escrita,587.6437999995687
800,54,leitura,2073.4347999996317
800,54,liberacao,53.32910000015545
800,55,alocacao,179.52620000050956
800,55,escrita,589.1638000002786
800,55,leitura,2144.965499999671
800,55,liberacao,54.41200000041135
800,56,alocacao,182.1353999994244
800,56,escrita,599.1135999993276
800,56,leitura,2064.3101000005117
800,56,liberacao,51.69149999983347
800,57,alocacao,162.42369999963557
800,57,escrita,622.6504000005662
800,57,leitura,2079.9155999993673
800,57,liberacao,53.332500000578875
800,58,alocacao,157.7460999997129
800,58,escrita,646.8139000007795
800,58,leitura,2095.9139999995386
800,58,liberacao,60.812100000475766
800,59,alocacao,160.81230000054347
800,59,escrita,606.7328999997699
800,59,leitura,2089.26959999917
800,59,liberacao,56.60100000022794
800,60,alocacao,165.3823000006014
800,60,escrita,645.9655999997267
800,60,leitura,2104.486999999608
800,60,liberacao,52.58660000072268
800,61,alocacao,174.32079999980488
800,61,escrita,592.0198000003438
800,61,leitura,2122.8168000006917
800,61,liberacao,50.93649999980698
800,62,alocacao,174.6465000005628
800,62,escrita,613.5425000002215
800,62,leitura,2316.966799999136
800,62,liberacao,53.67440000009083
800,63,alocacao,175.65429999922344
800,63,escrita,667.4731000002794
800,63,leitura,2063.9631000003646
800,63,liberacao,54.099699999824225
800,64,alocacao,176.03169999983947
800,64,escrita,623.800499999561
800,64,leitura,2086.182699999881
800,64,liberacao,54.092400000627094
800,65,alocacao,178.9189000000988
800,65,escrita,616.629300000568
800,65,leitura,2258.8783999999578
800,65,liberacao,60.00249999942753
800,66,alocacao,194.99100000030012
800,66,escrita,730.9005000006437
800,66,leitura,2082.220100000086
800,66,liberacao,50.22639999970124
800,67,alocacao,160.11510000043927
800,67,escrita,679.5822999993106
800,67,leitura,2060.2648000003683
800,67,liberacao,53.31490000025951
800,68,alocacao,160.33120000065537
800,68,escrita,687.8420000002734
800,68,leitura,2072.561599999972
800,68,liberacao,67.36000000000786
800,69,alocacao,225.4283000002033
800,69,escrita,728.9173999997729
800,69,leitura,2269.4555000007313
800,69,liberacao,67.48929999957909
800,70,alocacao,189.26840000040102
800,70,escrita,596.0542000002533
800,70,leitura,2102.9875999993237
800,70,liberacao,55.06619999960094
800,71,alocacao,174.65489999995043
800,71,escrita,619.5786999996926
800,71,leitura,2164.571899999828
800,71,liberacao,55.917600000611856
800,72,alocacao,198.78389999939827
800,72,escrita,615.9827999999834
800,72,leitura,2057.4384999999893
800,72,liberacao,52.01099999976577
800,73,alocacao,191.46340000042983
800,73,escrita,605.5863999999929
800,73,leitura,2116.404800000055
800,73,liberacao,50.927299999784736
800,74,alocacao,185.81040000026405
800,74,escrita,686.3597000001391
800,74,leitura,2142.775100000108
800,74,liberacao,51.847100000486535
800,75,alocacao,179.73129999973025
800,75,escrita,641.9679000000542
800,75,leitura,2114.4354000007297
800,75,liberacao,55.44530000042869
800,76,alocacao,183.54739999995218
800,76,escrita,604.9141000003146
800,76,leitura,2122.5924999998824
800,76,liberacao,52.8414000000339
800,77,alocacao,177.7230999996391
800,77,escrita,643.4678999994503
800,77,leitura,2326.043600000048
800,77,liberacao,55.49860000064655
800,78,alocacao,176.43610000050103
800,78,escrita,597.6048000002265
800,78,leitura,2043.1069000005664
800,78,liberacao,51.63789999915025
800,79,alocacao,187.86589999945136
800,79,escrita,605.5852999998024
800,79,leitura,2094.5665000008376
800,79,liberacao,52.83090000011725
800,80,alocacao,175.06810000031692
800,80,escrita,632.4359999998705
800,80,leitura,2028.0118000000584
800,80,liberacao,63.80949999947916
800,81,alocacao,188.22350000027654
800,81,escrita,692.6649999995789
800,81,leitura,2127.6776000004247
800,81,liberacao,54.348900000150024
800,82,alocacao,177.41299999943294
800,82,escrita,632.0637999997416
800,82,leitura,2122.2477999999683
800,82,liberacao,53.85560000013356
800,83,alocacao,175.9650000003603
800,83,escrita,637.61599999998
800,83,leitura,2029.850400000214
800,83,liberacao,55.6192000003648
800,84,alocacao,179.3022000001656
800,84,escrita,701.9593000004534
800,84,leitura,2032.1100000001024
800,84,liberacao,60.41619999996328
800,85,alocacao,180.600400000003
800,85,escrita,711.1457999999402
800,85,leitura,2087.0004999997036
800,85,liberacao,54.00660000032076
800,86,alocacao,165.64560000006168
800,86,escrita,662.6223000002938
800,86,leitura,2097.9354000000967
800,86,liberacao,54.732500000682194
800,87,alocacao,158.19680000004155
800,87,escrita,667.6442999996652
800,87,leitura,2103.012800000215
800,87,liberacao,49.51710000023013
800,88,alocacao,182.67629999991186
800,88,escrita,659.5057999993514
800,88,leitura,2131.1490000007325
800,88,liberacao,59.2015000001993
800,89,alocacao,194.3514000004143
800,89,escrita,803.1712000001789
800,89,leitura,2075.7431000001816
800,89,liberacao,52.7100999997856
800,90,alocacao,170.62189999978727
800,90,escrita,620.2872000003481
800,90,leitura,2077.190499999233
800,90,liberacao,53.0453999999736
800,91,alocacao,162.5674999995681
800,91,escrita,681.464500000402
800,91,leitura,2077.3159000000305
800,91,liberacao,55.568099999618425
800,92,alocacao,165.56239999954414
800,92,escrita,712.8948999998101
800,92,leitura,2060.4481000000305
800,92,liberacao,52.8401000001395
800,93,alocacao,174.297800000204
800,93,escrita,691.3177999995241
800,93,leitura,2105.726599999798
800,93,liberacao,51.74310000074911
800,94,alocacao,175.67369999960647
800,94,escrita,674.381099999664
800,94,leitura,2074.968500000068
800,94,liberacao,56.56809999982215
800,95,alocacao,177.13719999937894
800,95,escrita,673.1227000000217
800,95,leitura,2038.6954999994487
800,95,liberacao,57.9477000001134
800,96,alocacao,180.61959999977262
800,96,escrita,692.177900000388
800,96,leitura,2069.5480000003954
800,96,liberacao,53.87760000030539
800,97,alocacao,176.87930000010965
800,97,escrita,633.8445000001229
800,97,leitura,2041.871500000525
800,97,liberacao,53.636200000255485
800,98,alocacao,179.11889999959385
800,98,escrita,626.1500000000524
800,98,leitura,2143.4596999997666
800,98,liberacao,52.84129999927245
800,99,alocacao,172.45230000025913
800,99,escrita,597.6462999997239
800,99,leitura,2158.067200000005
800,99,liberacao,52.29090000011638
800,100,alocacao,185.88129999989178
800,100,escrita,598.6677999999301
800,100,leitura,2154.6246999996583
800,100,liberacao,53.77909999970143
900,1,alocacao,199.26089999989927
900,1,escrita,702.2811999995611
900,1,leitura,2320.0494000002436
900,1,liberacao,61.92929999997432
900,2,alocacao,210.44399999937013
900,2,escrita,692.763200000627
900,2,leitura,2328.493200000594
900,2,liberacao,61.199499999929685
900,3,alocacao,207.17060000060883
900,3,escrita,673.2586999996784
900,3,leitura,2585.3010000000722
900,3,liberacao,59.291900000062014
900,4,alocacao,206.18680000006862
900,4,escrita,803.6984000000302
900,4,leitura,2355.869800000619
900,4,liberacao,58.656999999584514
900,5,alocacao,199.75160000012693
900,5,escrita,673.6591000008048
900,5,leitura,2391.6038000006665
900,5,liberacao,59.91919999996753
900,6,alocacao,198.18469999972876
900,6,escrita,705.0047000002451
900,6,leitura,2369.4352000002254
900,6,liberacao,61.244100000294566
900,7,alocacao,199.3363000001409
900,7,escrita,794.7617999998329
900,7,leitura,2377.0744000003106
900,7,liberacao,59.041099999376456
900,8,alocacao,197.17880000007426
900,8,escrita,666.4118999997299
900,8,leitura,2419.010600000547
900,8,liberacao,60.69930000012391
900,9,alocacao,201.72989999991842
900,9,escrita,702.8686999992715
900,9,leitura,2329.7505999998975
900,9,liberacao,62.014000000090164
900,10,alocacao,229.59850000006554
900,10,escrita,742.640799999208
900,10,leitura,2354.198799999722
900,10,liberacao,62.04150000030495
900,11,alocacao,200.19270000011602
900,11,escrita,693.9577000002828
900,11,leitura,2440.816399999676
900,11,liberacao,60.087799999564595
900,12,alocacao,200.03079999969486
900,12,escrita,741.5922000000137
900,12,leitura,2361.207099999774
900,12,liberacao,69.99999999970896
900,13,alocacao,213.18429999973887
900,13,escrita,673.9236000003075
900,13,leitura,2408.9185000002544
900,13,liberacao,59.557800000220595
900,14,alocacao,198.42390000030719
900,14,escrita,655.4061000006186
900,14,leitura,2323.6440999999104
900,14,liberacao,62.99399999988964
900,15,alocacao,204.4261999999435
900,15,escrita,696.5166999998473
900,15,leitura,2333.7430999999924
900,15,liberacao,60.38170000010723
900,16,alocacao,191.26369999958115
900,16,escrita,685.6729999999516
900,16,leitura,2319.92850000006
900,16,liberacao,66.9078000000809
900,17,alocacao,208.27250000002095
900,17,escrita,675.4823000001124
900,17,leitura,2354.40860000017
900,17,liberacao,59.257899999465735
900,18,alocacao,197.33819999964908
900,18,escrita,681.605299999319
900,18,leitura,2419.643399999586
900,18,liberacao,63.39360000038141
900,19,alocacao,195.09029999971972
900,19,escrita,772.8319999996529
900,19,leitura,2416.832500000055
900,19,liberacao,52.691100000629376
900,20,alocacao,216.09350000017002
900,20,escrita,666.4515000002211
900,20,leitura,2411.4936999994825
900,20,liberacao,63.66179999986343
900,21,alocacao,204.1371999994226
900,21,escrita,715.599199999815
900,21,leitura,2349.369399999887
900,21,liberacao,57.93660000017553
900,22,alocacao,218.09899999971094
900,22,escrita,695.1705000001311
900,22,leitura,2365.0196999997206
900,22,liberacao,58.05710000004183
900,23,alocacao,194.04730000042036
900,23,escrita,680.6224000001748
900,23,leitura,2368.817699999454
900,23,liberacao,57.49070000001666
900,24,alocacao,209.8575999998502
900,24,escrita,701.8059000001813
900,24,leitura,2424.945100000514
900,24,liberacao,54.06429999948159
900,25,alocacao,223.81459999996878
900,25,escrita,687.0593000003282
900,25,leitura,2297.3281000004135
900,25,liberacao,61.649799999941024
900,26,alocacao,204.31600000028993
900,26,escrita,690.1629000003595
900,26,leitura,2338.117300000704
900,26,liberacao,68.55160000031901
900,27,alocacao,211.5272000000914
900,27,escrita,775.4670000003898
900,27,leitura,2401.9535000006726
900,27,liberacao,62.13430000025255
900,28,alocacao,212.39539999987755
900,28,escrita,689.0402999997605
900,28,leitura,2395.004200000585
900,28,liberacao,59.8268999992797
900,29,alocacao,199.03580000027432
900,29,escrita,662.6494000001912
900,29,leitura,2400.246999999581
900,29,liberacao,54.772399999819754
900,30,alocacao,213.05060000031517
900,30,escrita,792.2158000001218
900,30,leitura,2297.330200000033
900,30,liberacao,61.11560000044847
900,31,alocacao,221.62550000030024
900,31,escrita,674.5588000003409
900,31,leitura,2375.440499999968
900,31,liberacao,69.36249999944266
900,32,alocacao,212.63559999988502
900,32,escrita,765.3447000002416
900,32,leitura,2414.7835000003397
900,32,liberacao,55.571900000359165
900,33,alocacao,197.32550000026094
900,33,escrita,711.3915999998426
900,33,leitura,2359.112500000265
900,33,liberacao,67.00389999969047
900,34,alocacao,199.65769999998884
900,34,escrita,609.3592000006538
900,34,leitura,2672.585000000254
900,34,liberacao,66.72429999980523
900,35,alocacao,216.33089999977528
900,35,escrita,801.3055999999779
900,35,leitura,2375.4149999995207
900,35,liberacao,58.116899999731686
900,36,alocacao,203.50129999951605
900,36,escrita,653.9028999995935
900,36,leitura,2394.316100000651
900,36,liberacao,62.605299999631825
900,37,alocacao,198.14640000004147
900,37,escrita,699.3861000000834
900,37,leitura,4796.194200000173
900,37,liberacao,95.21380000023782
900,38,alocacao,255.02099999994243
900,38,escrita,948.623199999929
900,38,leitura,4005.3739999993923
900,38,liberacao,76.6206999996939
900,39,alocacao,261.9484000006196
900,39,escrita,1126.6421999998784
900,39,leitura,3894.0250000005108
900,39,liberacao,85.2164999996603
900,40,alocacao,273.9142999998876
900,40,escrita,968.2644000004075
900,40,leitura,3942.4489000002723
900,40,liberacao,86.05790000001434
900,41,alocacao,262.3089999997319
900,41,escrita,951.1420999997426
900,41,leitura,4049.9055000000226
900,41,liberacao,80.45260000017151
900,42,alocacao,271.38560000003054
900,42,escrita,1249.77299999955
900,42,leitura,3822.0492999998896
900,42,liberacao,82.2121999999581
900,43,alocacao,315.2650000001813
900,43,escrita,920.3274999999849
900,43,leitura,3870.592299999771
900,43,liberacao,81.37640000040847
900,44,alocacao,280.8377000001201
900,44,escrita,948.4964000002947
900,44,leitura,3994.6294999999736
900,44,liberacao,79.1626999998698
900,45,alocacao,264.99189999958617
900,45,escrita,897.9737999998179
900,45,leitura,4002.0478000005824
900,45,liberacao,84.05489999950078
900,46,alocacao,258.27399999980116
900,46,escrita,994.4447999996555
900,46,leitura,3828.685599999517
900,46,liberacao,80.79370000086783
900,47,alocacao,270.0071000008393
900,47,escrita,948.6077999999907
900,47,leitura,3760.5464000007487
900,47,liberacao,78.62509999995382
900,48,alocacao,269.87370000006194
900,48,escrita,900.7188999994469
900,48,leitura,4290.081699999973
900,48,liberacao,137.2505999997884
900,49,alocacao,289.67350000039005
900,49,escrita,1770.7849000007627
900,49,leitura,4146.785499999169
900,49,liberacao,80.83759999954054
900,50,alocacao,280.8402999999089
900,50,escrita,1153.8313999999446
900,50,leitura,3743.4628999999404
900,50,liberacao,107.53730000033102
900,51,alocacao,275.0072999997428
900,51,escrita,951.9367000002603
900,51,leitura,3957.9256000006353
900,51,liberacao,70.58609999967302
900,52,alocacao,267.9193000003579
900,52,escrita,1055.9674000005543
900,52,leitura,3955.4478000000017
900,52,liberacao,88.90280000014172
900,53,alocacao,261.97210000009363
900,53,escrita,994.8903000004066
900,53,leitura,3736.1487999996825
900,53,liberacao,82.73430000008375
900,54,alocacao,273.2490999997026
900,54,escrita,922.8470000007292
900,54,leitura,3748.1213999999454
900,54,liberacao,78.07649999995192
900,55,alocacao,271.65140000033716
900,55,escrita,917.5732000003336
900,55,leitura,3911.196299999574
900,55,liberacao,78.60489999984566
900,56,alocacao,295.97079999985
900,56,escrita,906.5792000001238
900,56,leitura,3903.871700000309
900,56,liberacao,88.15400000003137
900,57,alocacao,272.1208000002662
900,57,escrita,946.537900000294
900,57,leitura,4181.866700000683
900,57,liberacao,80.02159999978176
900,58,alocacao,276.1997000006886
900,58,escrita,1100.3248000006352
900,58,leitura,3812.94379999963
900,58,liberacao,80.87049999994633
900,59,alocacao,276.1151000004247
900,59,escrita,985.7879999999568
900,59,leitura,3881.118299999798
900,59,liberacao,86.64859999953478
900,60,alocacao,268.5105000000476
900,60,escrita,917.0166999992944
900,60,leitura,3686.4580999999816
900,60,liberacao,89.23630000026606
900,61,alocacao,272.18470000025263
900,61,escrita,977.4138000002495
900,61,leitura,4019.146099999489
900,61,liberacao,73.27140000052168
900,62,alocacao,272.93439999994007
900,62,escrita,947.0171000002665
900,62,leitura,3921.761499999775
900,62,liberacao,74.98979999945732
900,63,alocacao,267.90489999984857
900,63,escrita,1005.83319999987
900,63,leitura,3674.269699999968
900,63,liberacao,84.83050000086223
900,64,alocacao,255.688199999895
900,64,escrita,1018.1161000000429
900,64,leitura,3623.020799999722
900,64,liberacao,81.4490000002479
900,65,alocacao,255.55599999916012
900,65,escrita,1009.2960000001767
900,65,leitura,3818.1574000000182
900,65,liberacao,80.55359999980283
900,66,alocacao,280.46030000041355
900,66,escrita,932.4940000005881
900,66,leitura,3795.0642000005246
900,66,liberacao,75.04840000001423
900,67,alocacao,259.5452000005025
900,67,escrita,925.5036000004111
900,67,leitura,3788.007600000128
900,67,liberacao,79.76129999951809
900,68,alocacao,275.3755000003366
900,68,escrita,901.2062000001606
900,68,leitura,3830.3071000000273
900,68,liberacao,83.39069999965432
900,69,alocacao,275.2790000004097
900,69,escrita,904.0147000005163
900,69,leitura,4036.582699999599
900,69,liberacao,75.02909999948315
900,70,alocacao,258.8074000004781
900,70,escrita,909.6291000005294
900,70,leitura,3901.869700000134
900,70,liberacao,80.12349999989965
900,71,alocacao,277.58339999945747
900,71,escrita,1067.1595000003435
900,71,leitura,4084.1730000001917
900,71,liberacao,89.1287000004013
900,72,alocacao,292.139700000007
900,72,escrita,902.3631000000023
900,72,leitura,3970.9644999993543
900,72,liberacao,80.81480000055308
900,73,alocacao,271.22639999925013
900,73,escrita,945.3923000000941
900,73,leitura,3962.8929000000426
900,73,liberacao,83.45989999997983
900,74,alocacao,274.200099999689
900,74,escrita,1035.0990999995702
900,74,leitura,3923.0968000001667
900,74,liberacao,82.9529000002367
900,75,alocacao,258.0887000003713
900,75,escrita,942.1265999999378
900,75,leitura,3758.3760000006805
900,75,liberacao,83.84059999934834
900,76,alocacao,295.0282000001607
900,76,escrita,955.6327999998757
900,76,leitura,3698.668999999427
900,76,liberacao,70.59240000035061
900,77,alocacao,274.58740000020043
900,77,escrita,950.9403000001839
900,77,leitura,3961.8177000002106
900,77,liberacao,79.01579999997921
900,78,alocacao,269.79209999990417
900,78,escrita,934.9593999995705
900,78,leitura,3935.1387999995495
900,78,liberacao,73.7183000001096
900,79,alocacao,259.3821999998909
900,79,escrita,945.2596999999514
900,79,leitura,3899.061499999334
900,79,liberacao,79.4424000005165
900,80,alocacao,267.2241000000213
900,80,escrita,987.7479000006133
900,80,leitura,3934.1866999993726
900,80,liberacao,80.65389999956096
900,81,alocacao,287.07759999997506
900,81,escrita,940.8782000000429
900,81,leitura,3770.305500000177
900,81,liberacao,78.83209999999963
900,82,alocacao,269.0031000001909
900,82,escrita,880.1822999994329
900,82,leitura,3876.472500000091
900,82,liberacao,81.64399999986927
900,83,alocacao,274.0057999999408
900,83,escrita,920.174799999586
900,83,leitura,3869.1135000008217
900,83,liberacao,82.70900000024994
900,84,alocacao,262.68309999977646
900,84,escrita,930.4833000005601
900,84,leitura,3999.732799999947
900,84,liberacao,77.65769999969052
900,85,alocacao,274.9262999996063
900,85,escrita,939.3924000005427
900,85,leitura,3871.046400000523
900,85,liberacao,80.01950000016222
900,86,alocacao,274.4857999996384
900,86,escrita,1082.2234999995999
900,86,leitura,3790.6339999999545
900,86,liberacao,81.6211999999723
900,87,alocacao,288.28750000047876
900,87,escrita,956.8858000002365
900,87,leitura,3896.6958999999406
900,87,liberacao,81.46939999915048
900,88,alocacao,254.34510000013688
900,88,escrita,868.8480000000709
900,88,leitura,3907.2304999999687
900,88,liberacao,90.06479999970907
900,89,alocacao,275.5065999999715
900,89,escrita,943.51480000023
900,89,leitura,4062.0333999995637
900,89,liberacao,80.18749999973807
900,90,alocacao,266.32140000037907
900,90,escrita,1153.2266000003801
900,90,leitura,3758.925700000873
900,90,liberacao,90.41869999964547
900,91,alocacao,274.3361000002551
900,91,escrita,911.0755000001518
900,91,leitura,3699.0531999999803
900,91,liberacao,67.98150000031455
900,92,alocacao,262.49060000009194
900,92,escrita,918.1061000008413
900,92,leitura,3755.812000000333
900,92,liberacao,78.29440000023169
900,93,alocacao,273.8643000002412
900,93,escrita,910.2674000005209
900,93,leitura,3658.9786000004096
900,93,liberacao,80.95779999985098
900,94,alocacao,235.00679999960994
900,94,escrita,1031.4737999997305
900,94,leitura,3892.8532999998424
900,94,liberacao,77.37069999984669
900,95,alocacao,268.10680000016873
900,95,escrita,891.4225999997143
900,95,leitura,3768.40810000067
900,95,liberacao,84.03869999983726
900,96,alocacao,277.99160000085976
900,96,escrita,942.9639999998471
900,96,leitura,3829.78920000005
900,96,liberacao,89.22130000064499
900,97,alocacao,247.6011999997354
900,97,escrita,918.1624000002557
900,97,leitura,3774.489299999914
900,97,liberacao,82.15540000037436
900,98,alocacao,260.88590000017575
900,98,escrita,859.8404999993363
900,98,leitura,3835.4015999993862
900,98,liberacao,92.61710000009771
900,99,alocacao,250.4839000002903
900,99,escrita,937.7144999998563
900,99,leitura,3774.2687000009028
900,99,liberacao,86.75080000011803
900,100,alocacao,251.9073000003118
900,100,escrita,926.9788000001427
900,100,leitura,3910.397599999669
900,100,liberacao,71.88750000022992
1000,1,alocacao,306.6531999993458
1000,1,escrita,1246.685900000557
1000,1,leitura,4078.642700000273
1000,1,liberacao,101.28340000028402
1000,2,alocacao,330.6228999999803
1000,2,escrita,1039.6786999999676
1000,2,leitura,4529.025900000306
1000,2,liberacao,95.43500000017957
1000,3,alocacao,298.96850000022823
1000,3,escrita,1063.500300000669
1000,3,leitura,4240.638800000852
1000,3,liberacao,89.2465999995693
1000,4,alocacao,302.50689999957103
1000,4,escrita,1098.4900000003108
1000,4,leitura,4244.8882999997295
1000,4,liberacao,88.69620000041323
1000,5,alocacao,291.8878999998924
1000,5,escrita,1689.3576999991637
1000,5,leitura,4308.867400000054
1000,5,liberacao,73.30009999986942
1000,6,alocacao,311.3277000002199
1000,6,escrita,1162.6040999999532
1000,6,leitura,4498.005999999805
1000,6,liberacao,87.65339999990829
1000,7,alocacao,313.0263000002742
1000,7,escrita,1001.9086000002062
1000,7,leitura,3987.287699999797
1000,7,liberacao,114.06480000005104
1000,8,alocacao,296.5205000000424
1000,8,escrita,1076.3928999995187
1000,8,leitura,4157.755400000497
1000,8,liberacao,86.53760000015609
1000,9,alocacao,301.8996999999217
1000,9,escrita,1076.3491999996404
1000,9,leitura,4314.836100000321
1000,9,liberacao,83.02619999994931
1000,10,alocacao,293.3298999996623
1000,10,escrita,1674.6670000002268
1000,10,leitura,4401.829100000214
1000,10,liberacao,99.49210000013409
1000,11,alocacao,273.5919999995531
1000,11,escrita,1047.073900000214
1000,11,leitura,4429.998300000079
1000,11,liberacao,84.33080000031623
1000,12,alocacao,303.83120000078634
1000,12,escrita,1044.0882000002603
1000,12,leitura,4320.2032999997755
1000,12,liberacao,91.272000000572
1000,13,alocacao,298.6447999992379
1000,13,escrita,1015.9844999998313
1000,13,leitura,4386.867000000166
1000,13,liberacao,85.80839999922318
1000,14,alocacao,317.532800000663
1000,14,escrita,1167.0085999994626
1000,14,leitura,4248.5452999999325
1000,14,liberacao,87.84240000022692
1000,15,alocacao,306.8082999998296
1000,15,escrita,1171.925999999985
1000,15,leitura,4370.468400000391
1000,15,liberacao,98.63560000030702
1000,16,alocacao,288.4083999997529
1000,16,escrita,1121.2874000002557
1000,16,leitura,4435.095100000581
1000,16,liberacao,89.91679999962798
1000,17,alocacao,309.3607000000702
1000,17,escrita,1179.9901000003956
1000,17,leitura,4390.900100000181
1000,17,liberacao,90.06049999970855
1000,18,alocacao,309.5928000002459
1000,18,escrita,1107.3538000000553
1000,18,leitura,4399.542099999962
1000,18,liberacao,83.43190000050527
1000,19,alocacao,269.1131999999925
1000,19,escrita,1027.1409000006315
1000,19,leitura,4556.116599999768
1000,19,liberacao,104.54250000020693
1000,20,alocacao,299.09200000020064
1000,20,escrita,1026.147000000492
1000,20,leitura,4402.684899999258
1000,20,liberacao,92.62739999940095
1000,21,alocacao,309.0640999998868
1000,21,escrita,1039.1028999993068
1000,21,leitura,4263.050999999905
1000,21,liberacao,89.51340000021446
1000,22,alocacao,305.2820000002612
1000,22,escrita,1154.6977000007246
1000,22,leitura,4185.049299999264
1000,22,liberacao,86.84809999977006
1000,23,alocacao,298.0117999995855
1000,23,escrita,1138.0969000001642
1000,23,leitura,4373.008900000059
1000,23,liberacao,95.6968999998935
1000,24,alocacao,292.24189999968075
1000,24,escrita,1103.5357999999178
1000,24,leitura,4393.873200000598
1000,24,liberacao,90.80859999994573
1000,25,alocacao,302.01560000023164
1000,25,escrita,1050.5462999999509
1000,25,leitura,4439.559899999949
1000,25,liberacao,82.28039999994508
1000,26,alocacao,304.69730000004347
1000,26,escrita,1055.6301999995412
1000,26,leitura,4491.525699999329
1000,26,liberacao,92.63540000029025
1000,27,alocacao,330.9647000005498
1000,27,escrita,1052.126299999145
1000,27,leitura,4440.152299999681
1000,27,liberacao,80.92159999978321
1000,28,alocacao,288.0107000000862
1000,28,escrita,1010.7671999994636
1000,28,leitura,4308.015100000375
1000,28,liberacao,93.3485000005021
1000,29,alocacao,291.9995000002018
1000,29,escrita,1211.8915000000925
1000,29,leitura,4408.267499999965
1000,29,liberacao,83.13769999949727
1000,30,alocacao,300.19179999999324
1000,30,escrita,1182.0278999994116
1000,30,leitura,4272.906300000614
1000,30,liberacao,73.41670000005251
1000,31,alocacao,323.49559999966004
1000,31,escrita,1116.929899999377
1000,31,leitura,4496.843500000068
1000,31,liberacao,84.02180000030057
1000,32,alocacao,319.29459999992105
1000,32,escrita,1236.2551999995048
1000,32,leitura,4012.0313000006718
1000,32,liberacao,95.89969999979076
1000,33,alocacao,311.63569999989704
1000,33,escrita,1037.4689000000217
1000,33,leitura,4484.404599999834
1000,33,liberacao,79.41530000061903
1000,34,alocacao,279.8996999999872
1000,34,escrita,1023.3790000002045
1000,34,leitura,4240.0025999995705
1000,34,liberacao,82.29900000060297
1000,35,alocacao,281.4333999995142
1000,35,escrita,1132.4048999995284
1000,35,leitura,4204.538199999661
1000,35,liberacao,78.58050000049843
1000,36,alocacao,277.4483000002874
1000,36,escrita,1009.3975999998293
1000,36,leitura,4453.830800000105
1000,36,liberacao,83.11450000019249
1000,37,alocacao,312.95589999990625
1000,37,escrita,1038.5301999995136
1000,37,leitura,4497.589399999924
1000,37,liberacao,85.57879999989382
1000,38,alocacao,280.4577999995672
1000,38,escrita,1065.6668000001446
1000,38,leitura,4121.465799999896
1000,38,liberacao,81.16489999974874
1000,39,alocacao,301.7049000000043
1000,39,escrita,1176.7417000000933
1000,39,leitura,4143.198300000222
1000,39,liberacao,73.54250000025786
1000,40,alocacao,287.8398000002562
1000,40,escrita,1048.7693000004583
1000,40,leitura,4312.364499999603
1000,40,liberacao,81.92479999979696
1000,41,alocacao,291.72749999997905
1000,41,escrita,1045.6911999999647
1000,41,leitura,4310.433900000135
1000,41,liberacao,79.40829999915877
1000,42,alocacao,300.2102999998897
1000,42,escrita,1046.75270000007
1000,42,leitura,4223.118200000499
1000,42,liberacao,78.86419999977079
1000,43,alocacao,286.6812000002028
1000,43,escrita,1208.184699999947
1000,43,leitura,4172.827099999267
1000,43,liberacao,83.6128999999346
1000,44,alocacao,290.95630000028905
1000,44,escrita,1003.9403999999195
1000,44,leitura,4296.7647000004945
1000,44,liberacao,81.17659999970783
1000,45,alocacao,303.3114999998361
1000,45,escrita,1043.6059000003297
1000,45,leitura,4155.678100000841
1000,45,liberacao,81.53109999966546
1000,46,alocacao,290.06290000052104
1000,46,escrita,1217.023799999879
1000,46,leitura,4395.2014000005875
1000,46,liberacao,99.29419999934908
1000,47,alocacao,277.810500000669
1000,47,escrita,1237.2395000002143
1000,47,leitura,3906.695900000159
1000,47,liberacao,90.26970000013534
1000,48,alocacao,311.3926000005449
1000,48,escrita,1002.3005999992165
1000,48,leitura,4444.892500000606
1000,48,liberacao,71.11509999958798
1000,49,alocacao,293.3400999991136
1000,49,escrita,1034.2510000000402
1000,49,leitura,4312.14110000019
1000,49,liberacao,78.64659999995638
1000,50,alocacao,281.93499999997584
1000,50,escrita,1186.587099999997
1000,50,leitura,4217.386600000282
1000,50,liberacao,90.5189999994036
1000,51,alocacao,291.9227000002138
1000,51,escrita,1090.9811999999874
1000,51,leitura,4416.35690000021
1000,51,liberacao,75.48620000034134
1000,52,alocacao,271.7718000003515
1000,52,escrita,1016.7229999997289
1000,52,leitura,4372.335699999894
1000,52,liberacao,75.4927999996653
1000,53,alocacao,298.0819000003976
1000,53,escrita,1049.415499999668
1000,53,leitura,4462.695100000019
1000,53,liberacao,78.966500000206
1000,54,alocacao,279.52970000023925
1000,54,escrita,1024.5814999998402
1000,54,leitura,3940.9874000002674
1000,54,liberacao,79.30140000007668
1000,55,alocacao,291.68639999988955
1000,55,escrita,1025.1198999994813
1000,55,leitura,4409.504299999753
1000,55,liberacao,78.2707999997001
1000,56,alocacao,295.37509999954636
1000,56,escrita,1049.056400000154
1000,56,leitura,4253.941199999645
1000,56,liberacao,81.88450000034209
1000,57,alocacao,293.42540000016015
1000,57,escrita,1193.4869000006074
1000,57,leitura,4350.979699999698
1000,57,liberacao,76.98170000003302
1000,58,alocacao,307.3797999995804
1000,58,escrita,1195.7778999994844
1000,58,leitura,4380.478299999595
1000,58,liberacao,80.96690000002127
1000,59,alocacao,289.7408999997424
1000,59,escrita,1228.431499999715
1000,59,leitura,4278.504500000054
1000,59,liberacao,96.34989999995014
1000,60,alocacao,293.6120000003939
1000,60,escrita,1093.1245999991006
1000,60,leitura,4006.270500000028
1000,60,liberacao,82.58049999949435
1000,61,alocacao,301.23139999977866
1000,61,escrita,989.7162999995999
1000,61,leitura,4228.162099999281
1000,61,liberacao,81.56400000007125
1000,62,alocacao,290.81459999997605
1000,62,escrita,1236.8034999999509
1000,62,leitura,4478.791300000012
1000,62,liberacao,81.55529999930877
1000,63,alocacao,293.9685000001191
1000,63,escrita,1177.7150000007168
1000,63,leitura,4225.186800000301
1000,63,liberacao,82.15360000031069
1000,64,alocacao,296.6271000004781
1000,64,escrita,1143.6032999999952
1000,64,leitura,4454.68450000044
1000,64,liberacao,89.47570000054839
1000,65,alocacao,305.5306999995082
1000,65,escrita,1095.5291999998735
1000,65,leitura,4359.960300000239
1000,65,liberacao,88.99109999947541
1000,66,alocacao,278.73989999989135
1000,66,escrita,1058.7224999999307
1000,66,leitura,4528.436599999623
1000,66,liberacao,83.17979999992531
1000,67,alocacao,285.1133000003756
1000,67,escrita,1063.0645000001095
1000,67,leitura,4412.066200000481
1000,67,liberacao,78.8646000000881
1000,68,alocacao,312.4662999998691
1000,68,escrita,1002.9113000000507
1000,68,leitura,4172.625399999561
1000,68,liberacao,83.83090000006632
1000,69,alocacao,290.51069999968604
1000,69,escrita,1268.3171999997285
1000,69,leitura,4396.648099999766
1000,69,liberacao,83.9443000004394
1000,70,alocacao,285.54429999985587
1000,70,escrita,1239.9857000000338
1000,70,leitura,4226.17899999932
1000,70,liberacao,76.01160000012896
1000,71,alocacao,309.4295000000784
1000,71,escrita,1231.4719000005425
1000,71,leitura,4492.065299999922
1000,71,liberacao,74.09459999962564
1000,72,alocacao,281.3218000001143
1000,72,escrita,1239.6162000004551
1000,72,leitura,4323.077999999441
1000,72,liberacao,73.93269999920449
1000,73,alocacao,307.56190000010974
1000,73,escrita,1213.9061999996557
1000,73,leitura,4230.667599999833
1000,73,liberacao,78.77280000047904
1000,74,alocacao,309.42750000031083
1000,74,escrita,2308.9976999999635
1000,74,leitura,4265.794599999936
1000,74,liberacao,77.13199999943754
1000,75,alocacao,287.6346000002741
1000,75,escrita,1079.8956999997245
1000,75,leitura,4376.558800000566
1000,75,liberacao,84.61729999999079
1000,76,alocacao,290.5137999996441
1000,76,escrita,1053.4548000005088
1000,76,leitura,4467.706200000066
1000,76,liberacao,91.50529999988066
1000,77,alocacao,315.78129999979865
1000,77,escrita,1369.5557999999437
1000,77,leitura,4439.211500000056
1000,77,liberacao,88.55920000041806
1000,78,alocacao,271.76460000009683
1000,78,escrita,1110.3230000007898
1000,78,leitura,4576.577300000281
1000,78,liberacao,100.58029999981954
1000,79,alocacao,298.7167999999656
1000,79,escrita,1551.3342000003831
1000,79,leitura,4738.873699999203
1000,79,liberacao,75.90369999979885
1000,80,alocacao,311.0373999998046
1000,80,escrita,2294.4959999995262
1000,80,leitura,4836.888400000134
1000,80,liberacao,146.62849999967875
1000,81,alocacao,362.78930000025866
1000,81,escrita,2383.677400000124
1000,81,leitura,4842.110100000355
1000,81,liberacao,134.3935999993846
1000,82,alocacao,337.2396000004301
1000,82,escrita,1621.2900000000445
1000,82,leitura,4684.966499999973
1000,82,liberacao,109.40320000008796
1000,83,alocacao,313.5613000004014
1000,83,escrita,1104.5971000003192
1000,83,leitura,4865.622299999814
1000,83,liberacao,89.05229999982112
1000,84,alocacao,313.2568999999421
1000,84,escrita,2962.984200000392
1000,84,leitura,5950.44229999985
1000,84,liberacao,121.35320000015781
1000,85,alocacao,317.2428999996555
1000,85,escrita,3959.237099999882
1000,85,leitura,4645.1882999999725
1000,85,liberacao,332.5862000001507
1000,86,alocacao,309.32120000034047
1000,86,escrita,3112.78670000047
1000,86,leitura,5200.468699999874
1000,86,liberacao,126.43070000012813
1000,87,alocacao,308.97989999994024
1000,87,escrita,2352.900099999715
1000,87,leitura,4523.713499999758
1000,87,liberacao,108.57450000003155
1000,88,alocacao,303.32910000015545
1000,88,escrita,1032.581599999503
1000,88,leitura,4306.22829999993
1000,88,liberacao,90.58339999955933
1000,89,alocacao,300.80460000044695
1000,89,escrita,1126.0821999994732
1000,89,leitura,4224.153600000136
1000,89,liberacao,91.9902000005095
1000,90,alocacao,302.87240000052407
1000,90,escrita,1239.0829000005397
1000,90,leitura,4228.233600000749
1000,90,liberacao,103.07230000034906
1000,91,alocacao,318.71830000000045
1000,91,escrita,1112.839499999609
1000,91,leitura,4318.000700000084
1000,91,liberacao,100.5817000004754
1000,92,alocacao,293.9744999994218
1000,92,escrita,1064.8106999997253
1000,92,leitura,4314.227099999698
1000,92,liberacao,90.52769999925658
1000,93,alocacao,314.01180000011664
1000,93,escrita,1035.782100000688
1000,93,leitura,4283.249699999942
1000,93,liberacao,92.72739999960322
1000,94,alocacao,293.35400000036316
1000,94,escrita,1117.2581999999238
1000,94,leitura,4351.986599999691
1000,94,liberacao,108.98299999917072
1000,95,alocacao,309.3903999997565
1000,95,escrita,1393.4817999997904
1000,95,leitura,4430.314100000032
1000,95,liberacao,100.114200000462
1000,96,alocacao,323.6208999996961
1000,96,escrita,1101.7166999999972
1000,96,leitura,4526.117699999304
1000,96,liberacao,88.14129999973375
1000,97,alocacao,307.27999999999156
1000,97,escrita,1088.8777999998638
1000,97,leitura,4383.751500000471
1000,97,liberacao,96.96720000010828
1000,98,alocacao,305.08559999998397
1000,98,escrita,1117.859099999805
1000,98,leitura,4354.428299999199
1000,98,liberacao,92.87429999949381
1000,99,alocacao,301.93099999996775
1000,99,escrita,1246.6594000006808
1000,99,leitura,4351.6263000001345
1000,99,liberacao,92.80419999959122
1000,100,alocacao,313.8936000004833
1000,100,escrita,1391.0051999991992
1000,100,leitura,4376.158299999588
1000,100,liberacao,103.07829999965179
